web_name,opponent,element_type,defender,attacker,points_per_game,ict_index_pg,influence_pg,creativity_pg,threat_pg,bps_pg,form,ep_next,points_pg_last5,ict_index_pg_last5,bps_pg_last5,influence_pg_last5,creativity_pg_last5,threat_pg_last5,fixture_difficulty,is_home,opp_GS_pg,opp_GA_pg,opp_GS_last5_pg,opp_GA_last5_pg,opp_total_points_conceded_pg_atk,opp_total_points_conceded_pg_def,opp_total_points_conceded_pg_atk_last5,opp_total_points_conceded_pg_def_last5,opp_ict_index_conceded_pg_atk,opp_ict_index_conceded_pg_def,opp_ict_index_conceded_pg_atk_last5,opp_ict_index_conceded_pg_def_last5,opp_influence_conceded_pg_atk,opp_influence_conceded_pg_def,opp_influence_conceded_pg_atk_last5,opp_influence_conceded_pg_def_last5,opp_creativity_conceded_pg_atk,opp_creativity_conceded_pg_def,opp_creativity_conceded_pg_atk_last5,opp_creativity_conceded_pg_def_last5,opp_threat_conceded_pg_atk,opp_threat_conceded_pg_def,opp_threat_conceded_pg_atk_last5,opp_threat_conceded_pg_def_last5,opp_bps_conceded_pg_atk,opp_bps_conceded_pg_def,opp_bps_conceded_pg_atk_last5,opp_bps_conceded_pg_def_last5
Cédric,,2,1,0,0.0,0.0,0.0,0.0,0.0,0.0,0.0,0.5,0.0,0.0,0.0,0.0,0.0,0.0,,,,,,,,,,,,,,,,,,,,,,,,,,,,,,
Xhaka,,3,0,1,4.3,6.25,22.2,23.23,17.0,18.83,4.8,5.3,4.8,6.82,20.2,23.32,24.88,20.0,,,,,,,,,,,,,,,,,,,,,,,,,,,,,,
Elneny,,3,0,1,2.0,0.8,4.2,3.8,0.0,15.0,0.4,0.0,2.0,0.8,15.0,4.2,3.8,0.0,,,,,,,,,,,,,,,,,,,,,,,,,,,,,,
Holding,,2,1,0,1.0,0.1,1.1,0.0,0.0,4.0,0.4,0.9,1.0,0.1,4.0,1.1,0.0,0.0,,,,,,,,,,,,,,,,,,,,,,,,,,,,,,
Partey,,3,0,1,2.7,3.73,13.73,7.17,16.33,13.0,1.0,0.0,2.5,3.3,11.0,9.3,4.3,19.5,,,,,,,,,,,,,,,,,,,,,,,,,,,,,,
Ødegaard,,3,0,1,5.7,8.23,26.17,27.07,29.0,22.17,6.2,6.7,6.2,9.18,24.8,30.72,30.82,30.2,,,,,,,,,,,,,,,,,,,,,,,,,,,,,,
Tierney,,2,1,0,1.4,1.56,6.04,3.96,5.8,5.6,1.2,1.7,1.5,1.8,6.25,6.05,4.9,7.25,,,,,,,,,,,,,,,,,,,,,,,,,,,,,,
Pépé,,3,0,1,0.0,0.0,0.0,0.0,0.0,0.0,0.0,0.0,0.0,0.0,0.0,0.0,0.0,0.0,,,,,,,,,,,,,,,,,,,,,,,,,,,,,,
White,,2,1,0,3.8,2.15,12.97,7.22,1.33,18.17,3.6,4.1,3.6,1.72,16.8,9.28,6.26,1.6,,,,,,,,,,,,,,,,,,,,,,,,,,,,,,
Nketiah,,4,0,1,1.0,2.37,3.17,3.8,17.0,2.33,1.0,1.5,1.0,2.58,2.0,3.36,2.5,20.4,,,,,,,,,,,,,,,,,,,,,,,,,,,,,,
Smith Rowe,,3,0,1,1.0,1.7,3.95,9.18,4.5,4.5,0.8,1.0,1.0,1.7,4.5,3.95,9.18,4.5,,,,,,,,,,,,,,,,,,,,,,,,,,,,,,
Saka,,3,0,1,4.7,8.25,19.07,28.0,35.5,16.33,4.4,4.9,4.4,9.0,17.6,22.52,32.08,35.4,,,,,,,,,,,,,,,,,,,,,,,,,,,,,,
Tomiyasu,,2,1,0,0.8,0.64,3.36,2.46,0.8,3.6,0.8,1.3,0.8,0.64,3.6,3.36,2.46,0.8,,,,,,,,,,,,,,,,,,,,,,,,,,,,,,
Ramsdale,,1,1,0,3.2,1.67,16.6,0.0,0.0,15.67,2.6,3.1,2.6,1.62,13.8,16.12,0.0,0.0,,,,,,,,,,,,,,,,,,,,,,,,,,,,,,
Gabriel,,2,1,0,4.5,4.67,22.47,3.13,21.0,20.5,4.0,4.5,4.0,5.06,19.4,22.12,3.64,24.8,,,,,,,,,,,,,,,,,,,,,,,,,,,,,,
Tavares,,2,1,0,0.0,0.0,0.0,0.0,0.0,0.0,0.0,0.0,0.0,0.0,0.0,0.0,0.0,0.0,,,,,,,,,,,,,,,,,,,,,,,,,,,,,,
Sambi,,3,0,1,1.5,0.92,4.55,4.72,0.0,9.0,1.0,1.5,1.67,1.23,11.0,6.07,6.3,0.0,,,,,,,,,,,,,,,,,,,,,,,,,,,,,,
Martinelli,,3,0,1,6.0,11.12,27.3,32.68,51.17,21.0,5.6,6.1,5.6,11.5,20.6,25.12,36.18,53.6,,,,,,,,,,,,,,,,,,,,,,,,,,,,,,
Pablo Marí,,2,1,0,0.0,0.0,0.0,0.0,0.0,0.0,0.0,0.0,0.0,0.0,0.0,0.0,0.0,0.0,,,,,,,,,,,,,,,,,,,,,,,,,,,,,,
Torreira,,3,0,1,0.0,0.0,0.0,0.0,0.0,0.0,0.0,0.0,0.0,0.0,0.0,0.0,0.0,0.0,,,,,,,,,,,,,,,,,,,,,,,,,,,,,,
Nelson,,3,0,1,0.0,0.0,0.0,0.0,0.0,0.0,0.0,0.0,0.0,0.0,0.0,0.0,0.0,0.0,,,,,,,,,,,,,,,,,,,,,,,,,,,,,,
Turner,,1,1,0,0.0,0.0,0.0,0.0,0.0,0.0,0.0,0.5,0.0,0.0,0.0,0.0,0.0,0.0,,,,,,,,,,,,,,,,,,,,,,,,,,,,,,
Fábio Vieira,,3,0,1,1.0,1.6,4.8,1.2,10.0,4.0,0.2,0.7,1.0,1.6,4.0,4.8,1.2,10.0,,,,,,,,,,,,,,,,,,,,,,,,,,,,,,
Saliba,,2,1,0,4.8,3.0,22.17,4.13,3.83,21.0,4.2,4.7,4.2,3.16,19.2,22.16,4.94,4.6,,,,,,,,,,,,,,,,,,,,,,,,,,,,,,
Marquinhos,,3,0,1,0.0,0.0,0.0,0.0,0.0,0.0,0.0,0.5,0.0,0.0,0.0,0.0,0.0,0.0,,,,,,,,,,,,,,,,,,,,,,,,,,,,,,
Jesus,,4,0,1,5.5,12.23,31.43,25.77,65.0,18.5,6.2,6.7,6.2,13.7,20.8,36.24,30.28,70.4,,,,,,,,,,,,,,,,,,,,,,,,,,,,,,
Zinchenko,,2,1,0,5.0,3.6,15.8,11.72,8.75,23.0,1.6,2.1,2.67,2.0,18.0,7.73,7.87,4.67,,,,,,,,,,,,,,,,,,,,,,,,,,,,,,
Smith,,3,0,1,0.0,0.0,0.0,0.0,0.0,0.0,0.0,0.5,0.0,0.0,0.0,0.0,0.0,0.0,,,,,,,,,,,,,,,,,,,,,,,,,,,,,,
Coutinho,,3,0,1,1.3,2.53,4.03,9.43,12.0,4.67,1.2,1.2,1.2,2.16,4.2,4.24,7.34,10.2,,,,,,,,,,,,,,,,,,,,,,,,,,,,,,
Ings,,4,0,1,2.2,3.24,6.8,4.88,21.0,5.8,2.0,2.0,2.5,2.88,7.25,8.25,2.97,18.0,,,,,,,,,,,,,,,,,,,,,,,,,,,,,,
Martínez,,1,1,0,3.7,3.12,31.07,0.0,0.0,18.17,4.2,4.2,4.2,3.56,19.8,35.44,0.0,0.0,,,,,,,,,,,,,,,,,,,,,,,,,,,,,,
Chambers,,2,1,0,1.5,1.55,15.0,0.3,0.0,10.0,0.6,0.6,1.5,1.55,10.0,15.0,0.3,0.0,,,,,,,,,,,,,,,,,,,,,,,,,,,,,,
Digne,,2,1,0,0.8,4.12,15.03,19.77,6.33,9.17,0.8,0.8,0.8,4.06,8.8,15.4,19.24,6.0,,,,,,,,,,,,,,,,,,,,,,,,,,,,,,
Traoré,,3,0,1,0.0,0.0,0.0,0.0,0.0,0.0,0.0,0.0,0.0,0.0,0.0,0.0,0.0,0.0,,,,,,,,,,,,,,,,,,,,,,,,,,,,,,
Olsen,,1,1,0,0.0,0.0,0.0,0.0,0.0,0.0,0.0,0.0,0.0,0.0,0.0,0.0,0.0,0.0,,,,,,,,,,,,,,,,,,,,,,,,,,,,,,
Sanson,,3,0,1,0.0,0.0,0.0,0.0,0.0,0.0,0.0,0.0,0.0,0.0,0.0,0.0,0.0,0.0,,,,,,,,,,,,,,,,,,,,,,,,,,,,,,
McGinn,,3,0,1,1.7,2.37,8.93,8.9,5.83,10.17,1.6,1.6,1.6,2.22,9.0,8.8,9.88,3.6,,,,,,,,,,,,,,,,,,,,,,,,,,,,,,
Hause,,2,1,0,0.0,0.0,0.0,0.0,0.0,0.0,0.0,0.0,0.0,0.0,0.0,0.0,0.0,0.0,,,,,,,,,,,,,,,,,,,,,,,,,,,,,,
Mings,,2,1,0,1.5,2.05,19.45,0.55,0.5,13.75,1.2,1.2,1.5,2.05,13.75,19.45,0.55,0.5,,,,,,,,,,,,,,,,,,,,,,,,,,,,,,
Watkins,,4,0,1,4.0,4.4,15.5,7.88,20.5,11.67,4.6,4.6,4.6,4.96,13.4,18.2,7.1,24.2,,,,,,,,,,,,,,,,,,,,,,,,,,,,,,
Nakamba,,3,0,1,0.0,0.0,0.0,0.0,0.0,0.0,0.0,0.0,0.0,0.0,0.0,0.0,0.0,0.0,,,,,,,,,,,,,,,,,,,,,,,,,,,,,,
Buendía,,3,0,1,2.5,3.98,11.67,12.47,15.5,8.33,2.8,2.8,2.8,4.32,8.4,13.04,11.8,18.2,,,,,,,,,,,,,,,,,,,,,,,,,,,,,,
Cash,,2,1,0,1.0,2.63,11.73,10.7,3.83,9.17,1.0,0.8,1.0,2.48,8.0,11.44,10.64,2.6,,,,,,,,,,,,,,,,,,,,,,,,,,,,,,
Konsa,,2,1,0,1.2,1.38,12.53,0.55,0.67,9.83,1.2,1.2,1.2,1.22,8.6,10.88,0.4,0.8,,,,,,,,,,,,,,,,,,,,,,,,,,,,,,
Bailey,,3,0,1,3.2,3.73,12.9,12.25,11.83,10.5,3.4,3.4,3.4,3.14,11.0,12.92,8.32,9.8,,,,,,,,,,,,,,,,,,,,,,,,,,,,,,
Douglas Luiz,,3,0,1,2.6,2.26,10.48,9.14,3.0,9.6,2.6,2.6,3.25,2.58,12.25,13.1,10.85,1.75,,,,,,,,,,,,,,,,,,,,,,,,,,,,,,
Ramsey,,3,0,1,1.8,3.62,13.53,16.77,5.83,11.33,2.2,2.2,2.2,3.54,11.4,14.24,15.66,5.4,,,,,,,,,,,,,,,,,,,,,,,,,,,,,,
Iroegbunam,,3,0,1,0.0,0.0,0.0,0.0,0.0,0.0,0.0,0.0,0.0,0.0,0.0,0.0,0.0,0.0,,,,,,,,,,,,,,,,,,,,,,,,,,,,,,
Diego Carlos,,2,1,0,1.5,2.9,11.5,1.4,16.0,8.5,0.4,0.0,2.0,4.4,9.0,13.8,1.3,29.0,,,,,,,,,,,,,,,,,,,,,,,,,,,,,,
El Ghazi,,3,0,1,0.0,0.0,0.0,0.0,0.0,0.0,0.0,0.0,0.0,0.0,0.0,0.0,0.0,0.0,,,,,,,,,,,,,,,,,,,,,,,,,,,,,,
Davis,,4,0,1,0.0,0.0,0.0,0.0,0.0,0.0,0.0,0.0,0.0,0.0,0.0,0.0,0.0,0.0,,,,,,,,,,,,,,,,,,,,,,,,,,,,,,
Kamara,,3,0,1,1.8,2.08,14.57,5.45,0.83,11.0,1.8,1.8,1.8,2.22,11.6,16.36,5.78,0.0,,,,,,,,,,,,,,,,,,,,,,,,,,,,,,
Archer,,4,0,1,1.0,0.15,0.1,0.75,1.0,3.0,0.2,0.2,1.0,0.0,3.0,0.2,0.2,0.0,,,,,,,,,,,,,,,,,,,,,,,,,,,,,,
Philogene-Bidace,,3,0,1,0.0,0.0,0.0,0.0,0.0,0.0,0.0,0.0,0.0,0.0,0.0,0.0,0.0,0.0,,,,,,,,,,,,,,,,,,,,,,,,,,,,,,
Guilbert,,2,1,0,0.0,0.0,0.0,0.0,0.0,0.0,0.0,0.0,0.0,0.0,0.0,0.0,0.0,0.0,,,,,,,,,,,,,,,,,,,,,,,,,,,,,,
Bednarek,,2,1,0,0.5,3.4,19.2,10.55,4.0,14.5,0.2,0.2,1.0,2.8,11.0,23.8,0.1,4.0,,,,,,,,,,,,,,,,,,,,,,,,,,,,,,
Dendoncker,,3,0,1,1.8,2.72,9.7,7.25,10.25,10.25,1.0,0.8,1.67,1.03,6.67,4.8,4.17,1.33,,,,,,,,,,,,,,,,,,,,,,,,,,,,,,
Augustinsson,,2,1,0,0.0,0.0,0.0,0.0,0.0,0.0,0.0,0.0,0.0,0.0,0.0,0.0,0.0,0.0,,,,,,,,,,,,,,,,,,,,,,,,,,,,,,
Kesler Hayden,,2,1,0,0.0,0.0,0.0,0.0,0.0,0.0,0.0,0.0,0.0,0.0,0.0,0.0,0.0,0.0,,,,,,,,,,,,,,,,,,,,,,,,,,,,,,
Young,,2,1,0,1.0,0.8,7.7,0.25,0.0,6.0,0.4,0.4,1.0,0.8,6.0,7.7,0.25,0.0,,,,,,,,,,,,,,,,,,,,,,,,,,,,,,
Smith,,2,1,0,1.5,2.3,11.83,6.62,4.33,10.5,0.8,0.3,0.8,2.52,10.0,12.96,7.68,4.4,,,,,,,,,,,,,,,,,,,,,,,,,,,,,,
Stanislas,,3,0,1,1.0,0.0,0.0,0.15,0.5,2.5,0.2,-0.1,1.0,0.0,2.0,0.0,0.3,1.0,,,,,,,,,,,,,,,,,,,,,,,,,,,,,,
Fredericks,,2,1,0,1.0,0.55,4.5,0.75,0.0,3.0,0.4,-0.1,1.0,0.55,3.0,4.5,0.75,0.0,,,,,,,,,,,,,,,,,,,,,,,,,,,,,,
Brooks,,3,0,1,0.0,0.0,0.0,0.0,0.0,0.0,0.0,-0.1,0.0,0.0,0.0,0.0,0.0,0.0,,,,,,,,,,,,,,,,,,,,,,,,,,,,,,
Lowe,,3,0,1,1.0,0.0,0.0,0.0,0.0,3.0,0.2,-0.3,1.0,0.0,3.0,0.0,0.0,0.0,,,,,,,,,,,,,,,,,,,,,,,,,,,,,,
Moore,,4,0,1,2.3,2.42,8.77,5.25,10.33,7.83,1.6,1.1,1.6,1.74,4.0,3.52,5.14,9.0,,,,,,,,,,,,,,,,,,,,,,,,,,,,,,
Marcondes,,3,0,1,1.0,0.1,1.2,0.0,0.0,3.0,0.2,-0.3,1.0,0.1,3.0,1.2,0.0,0.0,,,,,,,,,,,,,,,,,,,,,,,,,,,,,,
Lerma,,3,0,1,3.2,2.17,13.73,2.52,5.5,14.17,1.8,1.3,1.8,1.42,11.0,8.08,2.98,3.2,,,,,,,,,,,,,,,,,,,,,,,,,,,,,,
Stacey,,2,1,0,0.0,0.55,3.3,2.3,0.0,4.0,0.0,-0.5,0.0,0.55,4.0,3.3,2.3,0.0,,,,,,,,,,,,,,,,,,,,,,,,,,,,,,
Solanke,,4,0,1,4.2,5.03,18.45,4.4,27.5,12.0,3.0,2.5,5.0,5.1,15.33,23.13,5.67,22.33,,,,,,,,,,,,,,,,,,,,,,,,,,,,,,
Cook,,3,0,1,2.5,1.82,12.2,4.45,1.33,10.5,2.8,2.3,2.8,2.02,11.8,13.2,5.28,1.6,,,,,,,,,,,,,,,,,,,,,,,,,,,,,,
Pearson,,3,0,1,1.5,0.6,3.45,0.62,1.75,4.5,0.8,0.0,1.33,0.6,5.0,3.2,0.4,2.33,,,,,,,,,,,,,,,,,,,,,,,,,,,,,,
Christie,,3,0,1,1.7,1.63,5.23,5.0,6.0,4.67,1.8,1.3,1.8,1.96,5.4,6.28,5.94,7.2,,,,,,,,,,,,,,,,,,,,,,,,,,,,,,
Billing,,3,0,1,2.7,2.55,14.43,7.87,3.17,9.67,2.8,2.3,2.8,2.52,9.6,12.88,9.24,3.0,,,,,,,,,,,,,,,,,,,,,,,,,,,,,,
Mepham,,2,1,0,2.0,2.32,20.07,0.23,2.83,16.0,1.0,0.5,1.0,2.04,13.4,16.68,0.26,3.4,,,,,,,,,,,,,,,,,,,,,,,,,,,,,,
Travers,,1,1,0,2.0,2.6,25.85,0.0,0.0,18.5,0.4,-0.1,0.67,2.97,16.67,29.6,0.0,0.0,,,,,,,,,,,,,,,,,,,,,,,,,,,,,,
Kelly,,2,1,0,4.6,3.62,27.12,8.06,0.8,21.8,2.2,1.7,2.75,2.88,17.25,21.5,6.55,0.5,,,,,,,,,,,,,,,,,,,,,,,,,,,,,,
Dembélé,,3,0,1,0.0,0.0,0.0,0.0,0.0,0.0,0.0,-0.5,0.0,0.0,0.0,0.0,0.0,0.0,,,,,,,,,,,,,,,,,,,,,,,,,,,,,,
Anthony,,3,0,1,2.8,2.22,12.7,3.42,6.0,9.0,2.2,1.7,2.75,2.22,9.0,12.7,3.42,6.0,,,,,,,,,,,,,,,,,,,,,,,,,,,,,,
Zemura,,2,1,0,2.0,2.1,13.0,6.06,2.0,12.8,0.8,0.3,1.0,1.78,9.75,10.85,4.9,2.0,,,,,,,,,,,,,,,,,,,,,,,,,,,,,,
Dennis,,1,1,0,0.0,0.0,0.0,0.0,0.0,0.0,0.0,-0.5,0.0,0.0,0.0,0.0,0.0,0.0,,,,,,,,,,,,,,,,,,,,,,,,,,,,,,
Stephens,,2,1,0,0.5,0.85,7.1,1.25,0.0,5.0,0.2,-0.3,1.0,0.2,5.0,2.0,0.0,0.0,,,,,,,,,,,,,,,,,,,,,,,,,,,,,,
Rothwell,,3,0,1,0.0,0.0,0.0,0.0,0.0,0.0,0.0,0.0,0.0,0.0,0.0,0.0,0.0,0.0,,,,,,,,,,,,,,,,,,,,,,,,,,,,,,
Tavernier,,3,0,1,2.3,5.18,10.96,28.74,12.2,13.6,2.2,1.7,2.2,4.04,9.6,8.36,20.28,11.8,,,,,,,,,,,,,,,,,,,,,,,,,,,,,,
Hill,,2,1,0,0.0,0.0,0.0,0.0,0.0,0.0,0.0,-0.5,0.0,0.0,0.0,0.0,0.0,0.0,,,,,,,,,,,,,,,,,,,,,,,,,,,,,,
Neto,,1,1,0,3.0,1.4,14.1,0.0,0.0,16.5,1.2,0.7,3.0,1.4,16.5,14.1,0.0,0.0,,,,,,,,,,,,,,,,,,,,,,,,,,,,,,
Senesi,,2,1,0,-0.3,1.0,10.0,0.1,0.0,5.33,-0.2,-0.7,-0.33,1.0,5.33,10.0,0.1,0.0,,,,,,,,,,,,,,,,,,,,,,,,,,,,,,
Saydee,,4,0,1,0.0,0.0,0.0,0.0,0.0,0.0,0.0,0.0,0.0,0.0,0.0,0.0,0.0,0.0,,,,,,,,,,,,,,,,,,,,,,,,,,,,,,
Bevan,,2,1,0,1.0,0.0,,0.0,0.0,,0.3,0.0,0.0,0.0,0.0,0.0,0.0,0.0,,,,,,,,,,,,,,,,,,,,,,,,,,,,,,
Jansson,,2,1,0,2.2,1.98,18.8,0.18,0.5,15.5,1.6,1.6,2.67,2.0,15.0,19.0,0.07,0.67,,,,,,,,,,,,,,,,,,,,,,,,,,,,,,
Nørgaard,,3,0,1,3.8,4.45,18.95,7.48,18.25,15.0,2.6,0.0,4.33,5.5,15.33,21.53,9.27,24.33,,,,,,,,,,,,,,,,,,,,,,,,,,,,,,
Toney,,4,0,1,7.5,8.63,36.87,20.77,28.5,26.33,7.4,7.4,7.4,8.6,26.4,36.44,19.76,29.6,,,,,,,,,,,,,,,,,,,,,,,,,,,,,,
Raya,,1,1,0,3.8,3.25,30.77,1.67,0.0,20.5,4.2,4.2,4.2,3.5,21.6,32.96,2.0,0.0,,,,,,,,,,,,,,,,,,,,,,,,,,,,,,
Canós,,2,1,0,0.0,0.0,0.0,0.0,0.0,0.0,0.0,0.0,0.0,0.0,0.0,0.0,0.0,0.0,,,,,,,,,,,,,,,,,,,,,,,,,,,,,,
Dasilva,,3,0,1,3.2,3.18,16.43,5.13,10.33,11.0,2.6,2.6,2.6,2.88,9.2,12.0,5.88,11.0,,,,,,,,,,,,,,,,,,,,,,,,,,,,,,
Ajer,,2,1,0,0.0,0.0,0.0,0.0,0.0,0.0,0.0,0.0,0.0,0.0,0.0,0.0,0.0,0.0,,,,,,,,,,,,,,,,,,,,,,,,,,,,,,
Henry,,2,1,0,2.7,3.43,13.63,10.55,10.0,12.5,2.4,2.4,2.4,3.42,10.6,12.32,9.7,12.0,,,,,,,,,,,,,,,,,,,,,,,,,,,,,,
Janelt,,3,0,1,3.3,4.23,17.27,7.42,17.67,14.67,3.6,3.6,3.6,4.26,14.8,17.68,4.16,20.8,,,,,,,,,,,,,,,,,,,,,,,,,,,,,,
Ghoddos,,3,0,1,1.0,0.1,0.3,0.85,0.0,3.0,0.4,0.4,1.0,0.1,3.0,0.3,0.85,0.0,,,,,,,,,,,,,,,,,,,,,,,,,,,,,,
Jensen,,3,0,1,4.2,5.03,19.0,25.0,6.17,15.67,4.8,4.8,4.8,5.68,17.0,21.56,27.72,7.4,,,,,,,,,,,,,,,,,,,,,,,,,,,,,,
Wissa,,3,0,1,3.7,3.25,14.97,3.27,15.0,9.5,4.0,4.0,4.0,3.78,10.4,17.96,3.62,17.0,,,,,,,,,,,,,,,,,,,,,,,,,,,,,,
Roerslev,,2,1,0,6.0,2.1,19.4,1.5,0.0,20.0,1.2,1.2,6.0,2.1,20.0,19.4,1.5,0.0,,,,,,,,,,,,,,,,,,,,,,,,,,,,,,
Bech,,2,1,0,1.0,0.07,0.87,0.07,0.0,3.0,0.4,0.0,1.0,0.0,3.0,0.1,0.1,0.0,,,,,,,,,,,,,,,,,,,,,,,,,,,,,,
Pinnock,,2,1,0,0.0,0.0,0.0,0.0,0.0,0.0,0.0,0.0,0.0,0.0,0.0,0.0,0.0,0.0,,,,,,,,,,,,,,,,,,,,,,,,,,,,,,
Onyeka,,3,0,1,1.0,0.87,3.73,4.0,0.67,4.33,0.6,0.6,1.0,0.87,4.33,3.73,4.0,0.67,,,,,,,,,,,,,,,,,,,,,,,,,,,,,,
Baptiste,,3,0,1,1.7,1.05,3.9,3.2,3.33,7.5,1.8,1.8,1.8,1.16,8.0,3.84,3.78,4.0,,,,,,,,,,,,,,,,,,,,,,,,,,,,,,
Mbeumo,,4,0,1,3.7,6.13,16.93,18.03,26.5,17.0,4.0,4.0,4.0,6.34,17.8,17.96,18.48,27.2,,,,,,,,,,,,,,,,,,,,,,,,,,,,,,
Goode,,2,1,0,0.0,0.0,0.0,0.0,0.0,0.0,0.0,0.0,0.0,0.0,0.0,0.0,0.0,0.0,,,,,,,,,,,,,,,,,,,,,,,,,,,,,,
Forss,,4,0,1,0.0,0.0,0.0,0.0,0.0,0.0,0.0,0.0,0.0,0.0,0.0,0.0,0.0,0.0,,,,,,,,,,,,,,,,,,,,,,,,,,,,,,
Thompson,,2,1,0,0.0,0.0,0.0,0.0,0.0,0.0,0.0,0.0,0.0,0.0,0.0,0.0,0.0,0.0,,,,,,,,,,,,,,,,,,,,,,,,,,,,,,
Bidstrup,,3,0,1,0.0,0.0,0.0,0.0,0.0,0.0,0.0,0.0,0.0,0.0,0.0,0.0,0.0,0.0,,,,,,,,,,,,,,,,,,,,,,,,,,,,,,
Balcombe,,1,1,0,0.0,0.0,0.0,0.0,0.0,0.0,0.0,0.0,0.0,0.0,0.0,0.0,0.0,0.0,,,,,,,,,,,,,,,,,,,,,,,,,,,,,,
Hickey,,2,1,0,1.5,2.15,10.87,4.07,6.5,10.67,1.6,1.6,1.6,2.5,11.2,12.68,4.44,7.8,,,,,,,,,,,,,,,,,,,,,,,,,,,,,,
Lewis-Potter,,3,0,1,1.8,3.72,7.08,9.42,20.8,4.4,1.6,1.6,2.0,4.48,4.75,7.55,11.72,25.5,,,,,,,,,,,,,,,,,,,,,,,,,,,,,,
Strakosha,,1,1,0,0.0,0.0,0.0,0.0,0.0,0.0,0.0,0.0,0.0,0.0,0.0,0.0,0.0,0.0,,,,,,,,,,,,,,,,,,,,,,,,,,,,,,
Mee,,2,1,0,3.2,3.56,21.64,1.18,12.6,16.6,3.8,3.8,3.8,3.38,14.8,20.08,0.9,12.6,,,,,,,,,,,,,,,,,,,,,,,,,,,,,,
Stevens,,2,1,0,0.0,0.0,0.0,0.0,0.0,0.0,0.0,0.0,0.0,0.0,0.0,0.0,0.0,0.0,,,,,,,,,,,,,,,,,,,,,,,,,,,,,,
Dervişoğlu,,4,0,1,4.0,,0.0,0.0,,,0.0,0.0,0.0,0.0,0.0,0.0,0.0,0.0,,,,,,,,,,,,,,,,,,,,,,,,,,,,,,
Damsgaard,,3,0,1,0.7,1.27,2.27,8.97,1.33,5.67,0.4,0.4,0.0,0.0,0.0,0.0,0.0,0.0,,,,,,,,,,,,,,,,,,,,,,,,,,,,,,
Zanka,,2,1,0,1.7,3.35,20.6,6.35,6.5,14.0,1.7,1.7,0.0,0.0,0.0,0.0,0.0,0.0,,,,,,,,,,,,,,,,,,,,,,,,,,,,,,
Lallana,,3,0,1,2.7,4.2,9.07,18.67,14.0,8.67,1.2,0.0,3.0,3.2,4.0,5.2,7.6,19.0,,,,,,,,,,,,,,,,,,,,,,,,,,,,,,
Steele,,1,1,0,0.0,0.0,0.0,0.0,0.0,0.0,0.0,0.5,0.0,0.0,0.0,0.0,0.0,0.0,,,,,,,,,,,,,,,,,,,,,,,,,,,,,,
Welbeck,,4,0,1,3.7,5.75,7.53,17.4,32.5,11.0,3.0,3.5,3.0,4.66,9.2,4.08,13.9,28.6,,,,,,,,,,,,,,,,,,,,,,,,,,,,,,
Groß,,3,0,1,7.0,9.6,35.67,33.75,26.5,25.83,5.4,5.9,5.4,8.18,22.2,28.4,36.64,16.6,,,,,,,,,,,,,,,,,,,,,,,,,,,,,,
Dunk,,2,1,0,3.7,2.12,13.8,2.17,5.33,17.33,4.0,4.5,4.0,2.22,19.0,14.12,2.58,5.6,,,,,,,,,,,,,,,,,,,,,,,,,,,,,,
March,,3,0,1,3.3,5.88,11.97,13.27,33.67,10.83,3.0,3.5,3.0,6.42,10.0,12.32,15.36,36.6,,,,,,,,,,,,,,,,,,,,,,,,,,,,,,
Webster,,2,1,0,3.5,2.35,13.53,3.27,6.5,15.5,3.8,4.3,3.8,2.04,16.2,12.2,3.64,4.4,,,,,,,,,,,,,,,,,,,,,,,,,,,,,,
Veltman,,2,1,0,4.3,2.23,15.57,2.77,4.0,19.17,4.8,5.3,4.8,2.16,20.0,13.6,3.16,4.8,,,,,,,,,,,,,,,,,,,,,,,,,,,,,,
Trossard,,3,0,1,5.3,8.45,21.4,27.05,36.0,17.0,6.2,6.7,6.2,8.76,19.0,24.08,24.28,39.2,,,,,,,,,,,,,,,,,,,,,,,,,,,,,,
Sánchez,,1,1,0,4.7,2.05,20.37,0.0,0.0,19.83,4.8,5.3,4.8,1.66,20.0,16.44,0.0,0.0,,,,,,,,,,,,,,,,,,,,,,,,,,,,,,
Lamptey,,2,1,0,1.0,0.72,3.04,3.3,0.8,3.4,0.8,1.3,1.0,0.82,3.5,3.75,3.88,0.5,,,,,,,,,,,,,,,,,,,,,,,,,,,,,,
Alzate,,3,0,1,0.0,0.0,0.0,0.0,0.0,0.0,0.0,0.5,0.0,0.0,0.0,0.0,0.0,0.0,,,,,,,,,,,,,,,,,,,,,,,,,,,,,,
Mac Allister,,3,0,1,6.5,5.15,32.27,4.93,14.17,21.67,7.8,8.3,7.8,5.96,25.8,38.72,5.6,15.2,,,,,,,,,,,,,,,,,,,,,,,,,,,,,,
Moder,,3,0,1,0.0,0.0,0.0,0.0,0.0,0.0,0.0,0.0,0.0,0.0,0.0,0.0,0.0,0.0,,,,,,,,,,,,,,,,,,,,,,,,,,,,,,
Mwepu,,3,0,1,1.8,2.03,8.13,6.5,5.67,4.83,2.0,2.5,2.0,2.02,4.8,7.92,5.44,6.8,,,,,,,,,,,,,,,,,,,,,,,,,,,,,,
Sarmiento,,3,0,1,0.0,0.0,0.0,0.0,0.0,0.0,0.0,0.1,0.0,0.0,0.0,0.0,0.0,0.0,,,,,,,,,,,,,,,,,,,,,,,,,,,,,,
Caicedo,,3,0,1,3.3,4.0,17.6,13.12,9.17,15.33,3.6,4.1,3.6,3.48,15.0,16.16,8.38,10.2,,,,,,,,,,,,,,,,,,,,,,,,,,,,,,
Richards,,3,0,1,0.0,0.0,0.0,0.0,0.0,0.0,0.0,0.0,0.0,0.0,0.0,0.0,0.0,0.0,,,,,,,,,,,,,,,,,,,,,,,,,,,,,,
Roberts,,2,1,0,0.0,0.0,0.0,0.0,0.0,0.0,0.0,0.0,0.0,0.0,0.0,0.0,0.0,0.0,,,,,,,,,,,,,,,,,,,,,,,,,,,,,,
Undav,,4,0,1,1.0,0.7,1.4,3.53,2.0,2.33,0.4,0.9,1.0,1.05,2.5,2.1,5.3,3.0,,,,,,,,,,,,,,,,,,,,,,,,,,,,,,
Mitoma,,3,0,1,1.0,1.25,4.3,6.4,2.0,5.5,0.8,1.3,1.0,1.25,5.5,4.3,6.4,2.0,,,,,,,,,,,,,,,,,,,,,,,,,,,,,,
Enciso,,4,0,1,0.0,0.0,0.0,0.0,0.0,0.0,0.0,0.5,0.0,0.0,0.0,0.0,0.0,0.0,,,,,,,,,,,,,,,,,,,,,,,,,,,,,,
Kozłowski,,3,0,1,0.0,0.0,0.0,0.0,0.0,0.0,0.0,0.0,0.0,0.0,0.0,0.0,0.0,0.0,,,,,,,,,,,,,,,,,,,,,,,,,,,,,,
Gilmour,,3,0,1,1.0,0.1,1.0,0.0,0.0,3.0,0.2,0.7,1.0,0.1,3.0,1.0,0.0,0.0,,,,,,,,,,,,,,,,,,,,,,,,,,,,,,
Scherpen,,1,1,0,0.0,0.0,0.0,0.0,0.0,0.0,0.0,0.0,0.0,0.0,0.0,0.0,0.0,0.0,,,,,,,,,,,,,,,,,,,,,,,,,,,,,,
Clarke,,2,1,0,0.0,0.0,0.0,0.0,0.0,0.0,0.0,0.0,0.0,0.0,0.0,0.0,0.0,0.0,,,,,,,,,,,,,,,,,,,,,,,,,,,,,,
Van Hecke,,2,1,0,1.0,0.0,0.2,0.0,0.0,3.0,0.2,0.7,1.0,0.0,3.0,0.2,0.0,0.0,,,,,,,,,,,,,,,,,,,,,,,,,,,,,,
Colwill,,2,1,0,1.0,0.5,4.6,0.4,0.0,7.0,0.2,0.7,1.0,0.5,4.0,4.4,0.3,0.0,,,,,,,,,,,,,,,,,,,,,,,,,,,,,,
Estupiñán,,2,1,0,3.0,3.83,10.07,22.97,5.0,16.33,3.0,3.5,0.0,0.0,0.0,0.0,0.0,0.0,,,,,,,,,,,,,,,,,,,,,,,,,,,,,,
Ferguson,,4,0,1,0.0,0.0,0.0,0.0,0.0,0.0,0.0,0.5,0.0,0.0,0.0,0.0,0.0,0.0,,,,,,,,,,,,,,,,,,,,,,,,,,,,,,
Chukwuemeka,,3,0,1,0.0,0.0,0.0,0.0,0.0,0.0,0.0,0.5,0.0,0.0,0.0,0.0,0.0,0.0,,,,,,,,,,,,,,,,,,,,,,,,,,,,,,
Cucurella,,2,1,0,2.0,4.08,15.9,18.68,6.33,14.0,2.4,2.9,2.4,4.38,15.2,17.68,18.58,7.6,,,,,,,,,,,,,,,,,,,,,,,,,,,,,,
Azpilicueta,,2,1,0,2.2,1.88,10.16,8.18,0.4,10.8,0.8,1.3,1.0,1.18,6.0,7.95,3.75,0.0,,,,,,,,,,,,,,,,,,,,,,,,,,,,,,
Thiago Silva,,2,1,0,3.2,3.98,28.97,5.22,5.67,21.5,2.6,3.1,2.6,4.24,20.4,29.76,5.9,6.8,,,,,,,,,,,,,,,,,,,,,,,,,,,,,,
Alonso,,2,1,0,0.0,0.0,0.0,0.0,0.0,0.0,0.0,0.0,0.0,0.0,0.0,0.0,0.0,0.0,,,,,,,,,,,,,,,,,,,,,,,,,,,,,,
Jorginho,,3,0,1,3.3,2.67,13.47,8.67,4.5,13.5,1.8,2.3,1.8,1.68,9.8,8.36,6.78,1.6,,,,,,,,,,,,,,,,,,,,,,,,,,,,,,
Barkley,,3,0,1,0.0,0.0,0.0,0.0,0.0,0.0,0.0,0.0,0.0,0.0,0.0,0.0,0.0,0.0,,,,,,,,,,,,,,,,,,,,,,,,,,,,,,
Kovacic,,3,0,1,1.3,2.07,8.0,9.63,3.0,10.67,0.8,1.3,1.33,2.07,10.67,8.0,9.63,3.0,,,,,,,,,,,,,,,,,,,,,,,,,,,,,,
Arrizabalaga,,1,1,0,0.0,0.0,0.0,0.0,0.0,0.0,0.0,0.5,0.0,0.0,0.0,0.0,0.0,0.0,,,,,,,,,,,,,,,,,,,,,,,,,,,,,,
Kanté,,3,0,1,2.5,5.4,18.2,24.35,11.5,16.0,0.4,0.0,2.0,4.0,14.0,9.0,17.4,14.0,,,,,,,,,,,,,,,,,,,,,,,,,,,,,,
Ziyech,,3,0,1,1.5,3.8,9.6,17.5,11.0,8.5,0.6,1.1,1.5,3.8,8.5,9.6,17.5,11.0,,,,,,,,,,,,,,,,,,,,,,,,,,,,,,
Loftus-Cheek,,3,0,1,1.5,3.82,14.23,8.62,15.17,8.5,1.6,2.1,1.6,4.46,10.0,15.96,10.18,18.2,,,,,,,,,,,,,,,,,,,,,,,,,,,,,,
Werner,,4,0,1,0.0,0.0,0.0,0.0,0.0,0.0,0.0,0.0,0.0,0.0,0.0,0.0,0.0,0.0,,,,,,,,,,,,,,,,,,,,,,,,,,,,,,
Kenedy,,2,1,0,0.0,0.0,0.0,0.0,0.0,0.0,0.0,0.0,0.0,0.0,0.0,0.0,0.0,0.0,,,,,,,,,,,,,,,,,,,,,,,,,,,,,,
Chilwell,,2,1,0,4.4,2.52,13.68,3.76,7.8,13.6,2.6,3.1,3.25,2.9,10.25,16.3,3.53,9.25,,,,,,,,,,,,,,,,,,,,,,,,,,,,,,
Pulisic,,3,0,1,0.8,1.13,1.67,4.82,4.67,2.33,0.8,1.3,0.8,1.24,1.4,1.6,5.7,4.8,,,,,,,,,,,,,,,,,,,,,,,,,,,,,,
Chalobah,,2,1,0,2.0,1.6,15.4,0.5,0.0,13.0,0.4,0.9,2.0,1.6,13.0,15.4,0.5,0.0,,,,,,,,,,,,,,,,,,,,,,,,,,,,,,
Mount,,3,0,1,2.3,6.02,13.9,20.92,25.0,10.0,2.2,2.7,2.2,6.48,11.0,14.96,24.1,25.4,,,,,,,,,,,,,,,,,,,,,,,,,,,,,,
Sarr,,2,1,0,0.0,0.0,0.0,0.0,0.0,0.0,0.0,0.0,0.0,0.0,0.0,0.0,0.0,0.0,,,,,,,,,,,,,,,,,,,,,,,,,,,,,,
Hudson-Odoi,,3,0,1,0.0,0.0,0.0,0.0,0.0,0.0,0.0,0.0,0.0,0.0,0.0,0.0,0.0,0.0,,,,,,,,,,,,,,,,,,,,,,,,,,,,,,
Havertz,,4,0,1,2.3,4.15,11.07,6.88,23.33,4.0,2.4,2.9,2.4,3.92,4.6,12.96,7.38,18.6,,,,,,,,,,,,,,,,,,,,,,,,,,,,,,
James,,2,1,0,4.6,6.62,25.0,25.8,15.4,23.6,3.2,3.7,4.0,6.12,21.75,27.15,19.52,14.5,,,,,,,,,,,,,,,,,,,,,,,,,,,,,,
Mendy,,1,1,0,2.8,2.4,23.73,0.0,0.0,15.33,2.0,2.5,2.0,2.32,12.8,22.92,0.0,0.0,,,,,,,,,,,,,,,,,,,,,,,,,,,,,,
Gallagher,,3,0,1,0.6,2.08,5.08,9.12,6.8,5.8,0.4,0.9,0.5,2.52,6.5,5.8,11.28,8.5,,,,,,,,,,,,,,,,,,,,,,,,,,,,,,
Broja,,4,0,1,1.0,1.92,4.25,0.22,14.75,1.75,0.6,1.1,1.0,1.73,1.33,3.93,0.2,13.33,,,,,,,,,,,,,,,,,,,,,,,,,,,,,,
Ampadu,,2,1,0,0.0,0.0,0.0,0.0,0.0,0.0,0.0,0.0,0.0,0.0,0.0,0.0,0.0,0.0,,,,,,,,,,,,,,,,,,,,,,,,,,,,,,
Fofana,,2,1,0,0.7,3.1,18.0,3.87,8.67,10.33,0.2,0.7,0.5,3.2,9.5,17.4,4.15,10.0,,,,,,,,,,,,,,,,,,,,,,,,,,,,,,
Sterling,,3,0,1,5.7,7.87,23.73,20.6,34.33,13.67,6.2,6.7,6.2,7.58,16.6,27.08,18.76,30.0,,,,,,,,,,,,,,,,,,,,,,,,,,,,,,
Koulibaly,,2,1,0,2.8,4.2,23.96,2.5,15.6,16.8,1.6,2.1,2.0,4.28,15.0,25.35,2.35,15.25,,,,,,,,,,,,,,,,,,,,,,,,,,,,,,
Vale,,3,0,1,0.0,0.0,0.0,0.0,0.0,0.0,0.0,0.0,0.0,0.0,0.0,0.0,0.0,0.0,,,,,,,,,,,,,,,,,,,,,,,,,,,,,,
Zakaria,,3,0,1,0.0,0.0,0.0,0.0,0.0,0.0,0.0,2.2,0.0,0.0,0.0,0.0,0.0,0.0,,,,,,,,,,,,,,,,,,,,,,,,,,,,,,
Aubameyang,,4,0,1,0.0,0.0,0.0,0.0,0.0,0.0,0.0,3.5,0.0,0.0,0.0,0.0,0.0,0.0,,,,,,,,,,,,,,,,,,,,,,,,,,,,,,
Guaita,,1,1,0,2.5,2.35,23.63,0.0,0.0,16.17,2.8,2.8,2.8,2.54,16.4,25.6,0.0,0.0,,,,,,,,,,,,,,,,,,,,,,,,,,,,,,
Tomkins,,2,1,0,0.0,0.0,0.0,0.0,0.0,0.0,0.0,0.0,0.0,0.0,0.0,0.0,0.0,0.0,,,,,,,,,,,,,,,,,,,,,,,,,,,,,,
McArthur,,3,0,1,0.0,0.0,0.0,0.0,0.0,0.0,0.0,0.0,0.0,0.0,0.0,0.0,0.0,0.0,,,,,,,,,,,,,,,,,,,,,,,,,,,,,,
Benteke,,4,0,1,0.0,0.0,0.0,0.0,0.0,0.0,0.0,0.0,0.0,0.0,0.0,0.0,0.0,0.0,,,,,,,,,,,,,,,,,,,,,,,,,,,,,,
Ward,,2,1,0,2.0,2.14,14.96,5.06,1.2,12.4,2.0,2.0,2.0,2.14,12.4,14.96,5.06,1.2,,,,,,,,,,,,,,,,,,,,,,,,,,,,,,
Clyne,,2,1,0,1.2,1.7,9.44,7.5,0.0,8.2,1.2,1.2,1.5,1.55,8.0,9.7,5.85,0.0,,,,,,,,,,,,,,,,,,,,,,,,,,,,,,
Milivojevic,,3,0,1,1.0,0.18,1.25,0.72,0.0,3.0,0.6,0.6,1.0,0.17,3.0,1.4,0.5,0.0,,,,,,,,,,,,,,,,,,,,,,,,,,,,,,
Ayew,,3,0,1,2.0,3.52,10.53,14.07,10.5,6.0,2.0,2.0,2.0,2.74,6.2,9.36,9.42,8.6,,,,,,,,,,,,,,,,,,,,,,,,,,,,,,
Zaha,,3,0,1,6.2,10.0,36.28,18.2,45.4,18.0,5.8,5.8,7.25,10.6,18.5,41.95,15.15,48.75,,,,,,,,,,,,,,,,,,,,,,,,,,,,,,
Schlupp,,3,0,1,2.2,2.73,9.57,3.1,14.5,8.0,2.2,2.2,2.2,2.24,7.4,8.8,2.32,11.0,,,,,,,,,,,,,,,,,,,,,,,,,,,,,,
Butland,,1,1,0,0.0,0.0,0.0,0.0,0.0,0.0,0.0,0.0,0.0,0.0,0.0,0.0,0.0,0.0,,,,,,,,,,,,,,,,,,,,,,,,,,,,,,
Hughes,,3,0,1,1.0,1.35,4.5,0.57,8.5,2.75,0.6,0.6,1.0,1.67,3.0,6.0,0.67,10.0,,,,,,,,,,,,,,,,,,,,,,,,,,,,,,
Riedewald,,3,0,1,0.0,0.0,0.0,0.0,0.0,0.0,0.0,0.0,0.0,0.0,0.0,0.0,0.0,0.0,,,,,,,,,,,,,,,,,,,,,,,,,,,,,,
Andersen,,2,1,0,3.2,5.1,37.5,8.02,5.33,19.67,3.6,3.6,3.6,5.0,19.6,37.52,7.18,5.2,,,,,,,,,,,,,,,,,,,,,,,,,,,,,,
Edouard,,4,0,1,1.7,3.77,7.73,8.42,21.67,3.33,1.8,1.8,1.8,3.32,5.0,8.68,9.8,15.0,,,,,,,,,,,,,,,,,,,,,,,,,,,,,,
Guéhi,,2,1,0,1.7,3.1,20.33,4.02,6.5,14.5,2.2,2.2,2.2,3.36,16.0,21.08,4.54,7.8,,,,,,,,,,,,,,,,,,,,,,,,,,,,,,
Mateta,,4,0,1,1.8,4.04,10.56,9.38,20.4,8.0,1.6,1.6,2.0,4.55,9.5,13.2,8.93,23.0,,,,,,,,,,,,,,,,,,,,,,,,,,,,,,
Eze,,3,0,1,3.7,4.88,14.4,23.88,10.5,16.0,4.0,4.0,4.0,5.14,17.8,15.92,27.04,8.4,,,,,,,,,,,,,,,,,,,,,,,,,,,,,,
Mitchell,,2,1,0,2.8,1.92,12.23,6.77,0.0,13.33,3.2,3.2,3.2,1.98,13.8,11.92,7.74,0.0,,,,,,,,,,,,,,,,,,,,,,,,,,,,,,
Olise,,3,0,1,1.4,1.88,4.56,10.58,3.4,5.8,1.4,1.4,1.4,1.88,5.8,4.56,10.58,3.4,,,,,,,,,,,,,,,,,,,,,,,,,,,,,,
Rak-Sakyi,,3,0,1,0.0,0.0,0.0,0.0,0.0,0.0,0.0,0.0,0.0,0.0,0.0,0.0,0.0,0.0,,,,,,,,,,,,,,,,,,,,,,,,,,,,,,
Ebiowei,,3,0,1,1.0,0.2,1.2,0.5,0.0,2.0,0.0,0.0,0.0,0.0,0.0,0.0,0.0,0.0,,,,,,,,,,,,,,,,,,,,,,,,,,,,,,
Ferguson,,2,1,0,0.0,0.0,0.0,0.0,0.0,0.0,0.0,0.0,0.0,0.0,0.0,0.0,0.0,0.0,,,,,,,,,,,,,,,,,,,,,,,,,,,,,,
Johnstone,,1,1,0,0.0,0.0,0.0,0.0,0.0,0.0,0.0,0.0,0.0,0.0,0.0,0.0,0.0,0.0,,,,,,,,,,,,,,,,,,,,,,,,,,,,,,
Matthews,,1,1,0,0.0,0.0,0.0,0.0,0.0,0.0,0.0,0.0,0.0,0.0,0.0,0.0,0.0,0.0,,,,,,,,,,,,,,,,,,,,,,,,,,,,,,
Plange,,4,0,1,0.0,0.0,0.0,0.0,0.0,0.0,0.0,0.0,0.0,0.0,0.0,0.0,0.0,0.0,,,,,,,,,,,,,,,,,,,,,,,,,,,,,,
C.Doucouré,,3,0,1,2.8,3.73,17.63,13.77,5.67,16.5,3.0,3.0,3.0,4.28,16.6,20.0,15.76,6.8,,,,,,,,,,,,,,,,,,,,,,,,,,,,,,
Richards,,2,1,0,0.7,1.13,6.0,4.07,1.33,5.0,0.4,0.4,0.67,1.13,5.0,6.0,4.07,1.33,,,,,,,,,,,,,,,,,,,,,,,,,,,,,,
Whitworth,,1,1,0,0.0,0.0,0.0,0.0,0.0,0.0,0.0,0.0,0.0,0.0,0.0,0.0,0.0,0.0,,,,,,,,,,,,,,,,,,,,,,,,,,,,,,
Rodney,,3,0,1,0.0,0.0,0.0,0.0,0.0,0.0,0.0,0.0,0.0,0.0,0.0,0.0,0.0,0.0,,,,,,,,,,,,,,,,,,,,,,,,,,,,,,
Phillips,,3,0,1,0.0,0.0,0.0,0.0,0.0,0.0,0.0,0.0,0.0,0.0,0.0,0.0,0.0,0.0,,,,,,,,,,,,,,,,,,,,,,,,,,,,,,
Maupay,,4,0,1,2.0,10.3,5.8,42.5,55.0,4.0,0.4,-0.1,2.0,10.3,4.0,5.8,42.5,55.0,,,,,,,,,,,,,,,,,,,,,,,,,,,,,,
Begović,,1,1,0,0.0,0.0,0.0,0.0,0.0,0.0,0.0,-0.5,0.0,0.0,0.0,0.0,0.0,0.0,,,,,,,,,,,,,,,,,,,,,,,,,,,,,,
Rondón,,4,0,1,1.0,2.13,1.8,8.0,12.0,1.0,0.6,0.1,1.0,2.13,1.0,1.8,8.0,12.0,,,,,,,,,,,,,,,,,,,,,,,,,,,,,,
Coleman,,2,1,0,0.0,0.0,0.0,0.0,0.0,0.0,0.0,-0.5,0.0,0.0,0.0,0.0,0.0,0.0,,,,,,,,,,,,,,,,,,,,,,,,,,,,,,
Townsend,,3,0,1,0.0,0.0,0.0,0.0,0.0,0.0,0.0,0.0,0.0,0.0,0.0,0.0,0.0,0.0,,,,,,,,,,,,,,,,,,,,,,,,,,,,,,
Keane,,2,1,0,1.0,0.7,6.4,0.3,0.0,4.0,0.2,-0.3,1.0,0.7,4.0,6.4,0.3,0.0,,,,,,,,,,,,,,,,,,,,,,,,,,,,,,
Dele,,3,0,1,1.0,0.45,0.3,1.1,3.0,2.5,0.2,0.0,1.0,0.3,3.0,0.2,0.3,2.0,,,,,,,,,,,,,,,,,,,,,,,,,,,,,,
Pickford,,1,1,0,4.2,3.93,37.17,2.17,0.0,21.0,4.4,0.0,4.4,4.02,21.2,37.6,2.6,0.0,,,,,,,,,,,,,,,,,,,,,,,,,,,,,,
Allan,,3,0,1,0.0,0.0,0.0,0.0,0.0,0.0,0.0,-0.5,0.0,0.0,0.0,0.0,0.0,0.0,,,,,,,,,,,,,,,,,,,,,,,,,,,,,,
André Gomes,,3,0,1,0.0,0.0,0.0,0.0,0.0,0.0,0.0,0.0,0.0,0.0,0.0,0.0,0.0,0.0,,,,,,,,,,,,,,,,,,,,,,,,,,,,,,
A.Doucouré,,3,0,1,1.5,2.1,5.1,2.05,13.5,8.0,0.2,-0.1,1.0,0.3,3.0,0.2,0.6,2.0,,,,,,,,,,,,,,,,,,,,,,,,,,,,,,
Iwobi,,3,0,1,2.5,4.58,18.23,23.88,3.83,14.33,2.6,2.1,2.6,4.74,14.0,19.12,24.24,4.2,,,,,,,,,,,,,,,,,,,,,,,,,,,,,,
Gbamin,,3,0,1,0.0,0.0,0.0,0.0,0.0,0.0,0.0,0.0,0.0,0.0,0.0,0.0,0.0,0.0,,,,,,,,,,,,,,,,,,,,,,,,,,,,,,
Mina,,2,1,0,1.0,1.2,11.8,0.2,0.0,4.0,0.0,0.0,0.0,0.0,0.0,0.0,0.0,0.0,,,,,,,,,,,,,,,,,,,,,,,,,,,,,,
Gray,,3,0,1,3.3,6.83,14.37,20.13,33.83,10.33,3.6,3.1,3.6,7.24,10.8,16.12,20.52,35.8,,,,,,,,,,,,,,,,,,,,,,,,,,,,,,
Davies,,3,0,1,1.2,1.4,3.16,4.46,6.4,4.2,1.2,0.7,1.2,1.4,4.2,3.16,4.46,6.4,,,,,,,,,,,,,,,,,,,,,,,,,,,,,,
Calvert-Lewin,,4,0,1,0.0,0.0,0.0,0.0,0.0,0.0,0.0,-0.2,0.0,0.0,0.0,0.0,0.0,0.0,,,,,,,,,,,,,,,,,,,,,,,,,,,,,,
Holgate,,2,1,0,3.0,3.9,18.0,9.1,12.0,15.0,2.2,0.0,3.67,3.6,17.0,15.0,11.97,9.33,,,,,,,,,,,,,,,,,,,,,,,,,,,,,,
Godfrey,,2,1,0,1.0,0.2,1.4,0.1,0.0,5.0,0.0,0.0,0.0,0.0,0.0,0.0,0.0,0.0,,,,,,,,,,,,,,,,,,,,,,,,,,,,,,
Mykolenko,,2,1,0,2.3,3.37,14.43,13.42,5.67,10.33,2.6,2.1,2.6,3.38,11.6,14.16,12.96,6.6,,,,,,,,,,,,,,,,,,,,,,,,,,,,,,
Gordon,,3,0,1,3.7,8.18,21.4,13.62,46.83,8.5,4.0,3.5,4.0,9.5,9.2,25.24,16.06,53.8,,,,,,,,,,,,,,,,,,,,,,,,,,,,,,
Branthwaite,,2,1,0,0.0,0.0,0.0,0.0,0.0,0.0,0.0,0.0,0.0,0.0,0.0,0.0,0.0,0.0,,,,,,,,,,,,,,,,,,,,,,,,,,,,,,
Patterson,,2,1,0,2.3,3.87,19.7,6.07,12.67,12.0,2.4,1.9,2.4,4.16,12.0,20.36,6.6,14.4,,,,,,,,,,,,,,,,,,,,,,,,,,,,,,
Nkounkou,,2,1,0,0.0,0.0,0.0,0.0,0.0,0.0,0.0,0.0,0.0,0.0,0.0,0.0,0.0,0.0,,,,,,,,,,,,,,,,,,,,,,,,,,,,,,
Tarkowski,,2,1,0,2.5,4.85,26.7,7.67,14.17,16.83,2.6,2.1,2.6,4.26,17.8,25.96,6.46,10.2,,,,,,,,,,,,,,,,,,,,,,,,,,,,,,
Coady,,2,1,0,4.0,2.28,19.88,2.86,0.0,18.2,4.0,3.5,4.0,2.28,18.2,19.88,2.86,0.0,,,,,,,,,,,,,,,,,,,,,,,,,,,,,,
Vinagre,,2,1,0,1.0,0.9,7.6,1.4,0.0,9.0,0.2,-0.3,1.0,0.3,6.0,3.0,0.3,0.0,,,,,,,,,,,,,,,,,,,,,,,,,,,,,,
McNeil,,3,0,1,1.7,4.06,10.84,14.02,15.4,10.4,1.6,1.1,1.6,3.4,6.4,7.92,10.84,15.0,,,,,,,,,,,,,,,,,,,,,,,,,,,,,,
Mills,,3,0,1,0.0,0.0,0.0,0.0,0.0,0.0,0.0,-0.5,0.0,0.0,0.0,0.0,0.0,0.0,,,,,,,,,,,,,,,,,,,,,,,,,,,,,,
Warrington,,3,0,1,0.0,0.0,0.0,0.0,0.0,0.0,0.0,0.0,0.0,0.0,0.0,0.0,0.0,0.0,,,,,,,,,,,,,,,,,,,,,,,,,,,,,,
Garner,,3,0,1,0.0,0.0,0.0,0.0,0.0,0.0,0.0,-0.5,0.0,0.0,0.0,0.0,0.0,0.0,,,,,,,,,,,,,,,,,,,,,,,,,,,,,,
Onana,,3,0,1,2.2,2.88,10.72,5.96,12.2,10.6,2.2,1.7,2.2,2.88,10.6,10.72,5.96,12.2,,,,,,,,,,,,,,,,,,,,,,,,,,,,,,
Welch,,2,1,0,0.0,0.0,0.0,0.0,0.0,0.0,0.0,-0.5,0.0,0.0,0.0,0.0,0.0,0.0,,,,,,,,,,,,,,,,,,,,,,,,,,,,,,
Gueye,,3,0,1,1.0,0.5,4.6,0.8,0.0,5.0,1.0,1.2,0.0,0.0,0.0,0.0,0.0,0.0,,,,,,,,,,,,,,,,,,,,,,,,,,,,,,
Leno,,1,1,0,2.5,4.0,37.3,2.5,0.0,18.75,2.0,1.5,2.5,4.0,18.75,37.3,2.5,0.0,,,,,,,,,,,,,,,,,,,,,,,,,,,,,,
Duffy,,2,1,0,1.0,0.0,0.1,0.0,0.0,3.0,0.2,-0.3,1.0,0.0,3.0,0.2,0.0,0.0,,,,,,,,,,,,,,,,,,,,,,,,,,,,,,
Cairney,,3,0,1,1.0,1.03,2.17,4.37,3.67,4.0,1.0,0.5,1.0,1.2,4.2,2.2,5.24,4.4,,,,,,,,,,,,,,,,,,,,,,,,,,,,,,
Ream,,2,1,0,2.0,2.28,21.0,0.82,1.0,17.0,2.2,1.7,2.2,2.32,18.0,21.6,0.8,0.8,,,,,,,,,,,,,,,,,,,,,,,,,,,,,,
Knockaert,,3,0,1,0.0,0.0,0.0,0.0,0.0,0.0,0.0,-0.5,0.0,0.0,0.0,0.0,0.0,0.0,,,,,,,,,,,,,,,,,,,,,,,,,,,,,,
Chalobah,,3,0,1,1.0,1.1,2.1,0.15,8.5,2.0,0.4,-0.1,1.0,1.1,2.0,2.1,0.15,8.5,,,,,,,,,,,,,,,,,,,,,,,,,,,,,,
Kebano,,3,0,1,2.6,3.42,8.56,15.16,10.2,6.8,2.2,1.7,2.75,3.68,7.75,10.3,15.98,10.25,,,,,,,,,,,,,,,,,,,,,,,,,,,,,,
De Cordova-Reid,,3,0,1,2.7,5.32,12.4,10.62,30.17,7.83,3.0,2.5,3.0,5.58,8.2,12.28,9.24,34.4,,,,,,,,,,,,,,,,,,,,,,,,,,,,,,
Bryan,,2,1,0,0.0,0.0,0.0,0.0,0.0,0.0,0.0,0.0,0.0,0.0,0.0,0.0,0.0,0.0,,,,,,,,,,,,,,,,,,,,,,,,,,,,,,
Gazzaniga,,1,1,0,0.0,0.0,0.0,0.0,0.0,0.0,0.0,0.0,0.0,0.0,0.0,0.0,0.0,0.0,,,,,,,,,,,,,,,,,,,,,,,,,,,,,,
Kongolo,,2,1,0,0.0,0.0,0.0,0.0,0.0,0.0,0.0,0.0,0.0,0.0,0.0,0.0,0.0,0.0,,,,,,,,,,,,,,,,,,,,,,,,,,,,,,
Tosin,,2,1,0,2.0,2.08,17.87,2.88,0.0,13.83,2.2,1.7,2.2,2.12,14.4,17.76,3.38,0.0,,,,,,,,,,,,,,,,,,,,,,,,,,,,,,
Mitrović,,4,0,1,6.5,11.17,43.73,11.65,56.17,24.67,5.2,4.7,5.2,10.3,18.2,36.08,11.04,55.8,,,,,,,,,,,,,,,,,,,,,,,,,,,,,,
Reed,,3,0,1,1.8,2.7,7.23,14.02,5.83,7.33,1.8,1.3,1.8,2.14,6.4,4.28,14.22,3.0,,,,,,,,,,,,,,,,,,,,,,,,,,,,,,
Wilson,,3,0,1,0.0,0.0,0.0,0.0,0.0,0.0,0.0,0.0,0.0,0.0,0.0,0.0,0.0,0.0,,,,,,,,,,,,,,,,,,,,,,,,,,,,,,
Rodák,,1,1,0,3.5,0.95,9.5,0.0,0.0,16.5,1.2,0.7,6.0,0.9,22.0,8.8,0.0,0.0,,,,,,,,,,,,,,,,,,,,,,,,,,,,,,
Cavaleiro,,3,0,1,0.0,0.0,0.0,0.0,0.0,0.0,0.0,0.0,0.0,0.0,0.0,0.0,0.0,0.0,,,,,,,,,,,,,,,,,,,,,,,,,,,,,,
Tete,,2,1,0,2.7,3.25,24.4,7.4,0.67,13.83,2.6,2.1,2.6,2.82,11.2,21.48,5.88,0.8,,,,,,,,,,,,,,,,,,,,,,,,,,,,,,
Onomah,,3,0,1,0.0,0.0,0.0,0.0,0.0,0.0,0.0,-0.5,0.0,0.0,0.0,0.0,0.0,0.0,,,,,,,,,,,,,,,,,,,,,,,,,,,,,,
Robinson,,2,1,0,1.7,2.72,16.9,9.88,0.17,12.17,1.8,1.0,1.8,2.94,12.0,17.32,11.72,0.2,,,,,,,,,,,,,,,,,,,,,,,,,,,,,,
Muniz,,4,0,1,0.0,0.0,0.0,0.0,0.0,0.0,0.0,0.0,0.0,0.0,0.0,0.0,0.0,0.0,,,,,,,,,,,,,,,,,,,,,,,,,,,,,,
Stansfield,,4,0,1,2.3,2.23,2.8,4.27,15.33,7.33,1.4,0.0,2.33,2.23,7.33,2.8,4.27,15.33,,,,,,,,,,,,,,,,,,,,,,,,,,,,,,
Palhinha,,3,0,1,2.3,3.63,19.23,1.53,15.5,12.5,2.4,1.9,2.4,3.28,13.0,20.08,1.6,11.0,,,,,,,,,,,,,,,,,,,,,,,,,,,,,,
James,,3,0,1,1.4,1.58,3.96,5.74,6.0,5.0,1.4,0.9,1.4,1.58,5.0,3.96,5.74,6.0,,,,,,,,,,,,,,,,,,,,,,,,,,,,,,
Andreas,,3,0,1,3.8,4.65,8.83,28.62,9.17,10.67,4.2,3.7,4.2,4.94,11.8,10.48,30.38,8.6,,,,,,,,,,,,,,,,,,,,,,,,,,,,,,
Diop,,2,1,0,1.0,0.7,7.2,0.0,0.0,4.0,0.2,-0.3,1.0,0.7,4.0,7.2,0.0,0.0,,,,,,,,,,,,,,,,,,,,,,,,,,,,,,
Francois,,3,0,1,1.0,0.1,1.0,0.3,0.0,3.0,0.2,0.0,1.0,0.1,3.0,1.0,0.3,0.0,,,,,,,,,,,,,,,,,,,,,,,,,,,,,,
Mbabu,,2,1,0,1.5,1.85,9.05,9.32,0.0,8.75,1.2,0.7,1.5,1.85,8.75,9.05,9.32,0.0,,,,,,,,,,,,,,,,,,,,,,,,,,,,,,
Harris,,3,0,1,0.0,0.0,0.0,0.0,0.0,0.0,0.0,-0.5,0.0,0.0,0.0,0.0,0.0,0.0,,,,,,,,,,,,,,,,,,,,,,,,,,,,,,
Solomon,,3,0,1,1.0,,,,0.0,,0.0,0.0,0.0,0.0,0.0,0.0,0.0,0.0,,,,,,,,,,,,,,,,,,,,,,,,,,,,,,
Ablade,,4,0,1,0.0,0.0,0.0,0.0,0.0,0.0,0.0,-0.5,0.0,0.0,0.0,0.0,0.0,0.0,,,,,,,,,,,,,,,,,,,,,,,,,,,,,,
Kurzawa,,2,1,0,0.0,0.0,0.0,0.0,0.0,0.0,0.0,1.5,0.0,0.0,0.0,0.0,0.0,0.0,,,,,,,,,,,,,,,,,,,,,,,,,,,,,,
Willian,,3,0,1,1.0,0.3,0.8,2.6,0.0,0.0,1.0,1.6,0.0,0.0,0.0,0.0,0.0,0.0,,,,,,,,,,,,,,,,,,,,,,,,,,,,,,
Vinícius,,4,0,1,1.0,0.0,0.0,0.1,0.0,3.0,1.0,1.1,0.0,0.0,0.0,0.0,0.0,0.0,,,,,,,,,,,,,,,,,,,,,,,,,,,,,,
Schmeichel,,1,1,0,0.0,0.0,0.0,0.0,0.0,0.0,0.0,0.0,0.0,0.0,0.0,0.0,0.0,0.0,,,,,,,,,,,,,,,,,,,,,,,,,,,,,,
Evans,,2,1,0,0.8,1.9,17.83,0.83,0.33,15.17,0.8,0.8,0.8,1.98,15.2,18.6,0.74,0.4,,,,,,,,,,,,,,,,,,,,,,,,,,,,,,
Bertrand,,2,1,0,0.0,0.0,0.0,0.0,0.0,0.0,0.0,0.0,0.0,0.0,0.0,0.0,0.0,0.0,,,,,,,,,,,,,,,,,,,,,,,,,,,,,,
Albrighton,,3,0,1,0.0,0.0,0.0,0.0,0.0,0.0,0.0,0.0,0.0,0.0,0.0,0.0,0.0,0.0,,,,,,,,,,,,,,,,,,,,,,,,,,,,,,
Mendy,,3,0,1,0.0,0.0,0.0,0.0,0.0,0.0,0.0,0.0,0.0,0.0,0.0,0.0,0.0,0.0,,,,,,,,,,,,,,,,,,,,,,,,,,,,,,
Vestergaard,,2,1,0,0.0,0.0,0.0,0.0,0.0,0.0,0.0,0.0,0.0,0.0,0.0,0.0,0.0,0.0,,,,,,,,,,,,,,,,,,,,,,,,,,,,,,
Ward,,1,1,0,1.3,1.97,19.67,0.0,0.0,13.5,1.4,1.4,1.4,2.16,14.0,21.64,0.0,0.0,,,,,,,,,,,,,,,,,,,,,,,,,,,,,,
Vardy,,4,0,1,2.8,2.5,9.73,5.83,10.0,7.33,2.4,2.4,2.4,2.18,5.2,6.4,4.84,11.2,,,,,,,,,,,,,,,,,,,,,,,,,,,,,,
Ricardo,,2,1,0,0.0,0.0,0.0,0.0,0.0,0.0,0.0,0.0,0.0,0.0,0.0,0.0,0.0,0.0,,,,,,,,,,,,,,,,,,,,,,,,,,,,,,
Amartey,,2,1,0,1.0,2.42,13.8,8.96,1.4,12.6,0.8,0.8,1.0,2.4,11.75,14.55,7.87,1.5,,,,,,,,,,,,,,,,,,,,,,,,,,,,,,
Castagne,,2,1,0,2.0,4.14,16.88,10.5,13.8,12.6,0.4,0.4,0.5,2.7,10.0,10.4,8.38,8.0,,,,,,,,,,,,,,,,,,,,,,,,,,,,,,
Tielemans,,3,0,1,2.7,5.05,16.87,27.83,5.67,16.17,2.8,2.8,2.8,5.16,16.8,17.88,29.98,3.6,,,,,,,,,,,,,,,,,,,,,,,,,,,,,,
Pérez,,3,0,1,3.5,3.3,4.5,19.35,9.0,8.5,1.4,1.4,3.5,3.3,8.5,4.5,19.35,9.0,,,,,,,,,,,,,,,,,,,,,,,,,,,,,,
Maddison,,3,0,1,4.4,7.74,24.48,24.74,28.0,16.0,3.4,3.4,4.25,5.93,15.25,23.55,15.38,20.0,,,,,,,,,,,,,,,,,,,,,,,,,,,,,,
Iheanacho,,4,0,1,2.6,3.26,11.32,9.08,12.6,8.6,2.6,2.6,2.6,3.26,8.6,11.32,9.08,12.6,,,,,,,,,,,,,,,,,,,,,,,,,,,,,,
Choudhury,,3,0,1,0.0,0.0,0.0,0.0,0.0,0.0,0.0,0.0,0.0,0.0,0.0,0.0,0.0,0.0,,,,,,,,,,,,,,,,,,,,,,,,,,,,,,
Barnes,,3,0,1,3.0,3.98,10.2,2.5,27.25,5.25,2.4,2.4,3.0,3.98,5.25,10.2,2.5,27.25,,,,,,,,,,,,,,,,,,,,,,,,,,,,,,
Ndidi,,3,0,1,1.8,1.78,15.1,2.03,0.67,15.0,1.8,1.8,1.8,1.84,15.6,16.16,1.42,0.8,,,,,,,,,,,,,,,,,,,,,,,,,,,,,,
Dewsbury-Hall,,3,0,1,3.0,3.65,15.43,13.82,7.17,13.17,1.6,1.6,1.6,3.04,9.0,10.04,13.52,6.8,,,,,,,,,,,,,,,,,,,,,,,,,,,,,,
Söyüncü,,2,1,0,0.0,0.0,0.0,0.0,0.0,0.0,0.0,0.0,0.0,0.0,0.0,0.0,0.0,0.0,,,,,,,,,,,,,,,,,,,,,,,,,,,,,,
Justin,,2,1,0,1.3,3.08,14.97,12.22,3.67,13.5,1.4,1.4,1.4,3.1,13.8,15.28,11.38,4.4,,,,,,,,,,,,,,,,,,,,,,,,,,,,,,
Soumaré,,3,0,1,1.7,1.2,9.73,2.3,0.0,11.0,1.0,1.0,1.67,1.2,11.0,9.73,2.3,0.0,,,,,,,,,,,,,,,,,,,,,,,,,,,,,,
Thomas,,2,1,0,-0.5,1.1,9.3,1.7,0.0,8.5,-0.2,-0.2,-0.5,1.1,8.5,9.3,1.7,0.0,,,,,,,,,,,,,,,,,,,,,,,,,,,,,,
Daka,,4,0,1,2.8,2.98,14.96,5.0,10.0,10.4,2.6,2.6,3.25,3.7,12.0,18.4,6.22,12.5,,,,,,,,,,,,,,,,,,,,,,,,,,,,,,
Brunt,,2,1,0,0.0,0.0,0.0,0.0,0.0,0.0,0.0,0.0,0.0,0.0,0.0,0.0,0.0,0.0,,,,,,,,,,,,,,,,,,,,,,,,,,,,,,
Iversen,,1,1,0,0.0,0.0,0.0,0.0,0.0,0.0,0.0,0.0,0.0,0.0,0.0,0.0,0.0,0.0,,,,,,,,,,,,,,,,,,,,,,,,,,,,,,
Praet,,3,0,1,0.5,0.45,3.8,0.8,0.0,0.5,0.2,0.2,0.5,0.45,0.5,3.8,0.8,0.0,,,,,,,,,,,,,,,,,,,,,,,,,,,,,,
Smithies,,1,1,0,0.0,0.0,0.0,0.0,0.0,0.0,0.0,0.0,0.0,0.0,0.0,0.0,0.0,0.0,,,,,,,,,,,,,,,,,,,,,,,,,,,,,,
Faes,,2,1,0,0.0,0.0,0.0,0.0,0.0,0.0,0.0,2.0,0.0,0.0,0.0,0.0,0.0,0.0,,,,,,,,,,,,,,,,,,,,,,,,,,,,,,
Cooper,,2,1,0,0.0,0.0,0.0,0.0,0.0,0.0,0.0,0.5,0.0,0.0,0.0,0.0,0.0,0.0,,,,,,,,,,,,,,,,,,,,,,,,,,,,,,
Ayling,,2,1,0,3.0,5.4,24.8,22.9,6.0,20.0,0.6,1.1,3.0,5.4,20.0,24.8,22.9,6.0,,,,,,,,,,,,,,,,,,,,,,,,,,,,,,
Klich,,3,0,1,0.8,1.82,4.87,10.48,3.0,4.0,0.8,1.3,0.8,1.96,4.4,5.56,11.52,2.8,,,,,,,,,,,,,,,,,,,,,,,,,,,,,,
Forshaw,,3,0,1,1.0,0.67,1.6,5.0,0.0,4.0,0.6,1.1,1.0,0.67,4.0,1.6,5.0,0.0,,,,,,,,,,,,,,,,,,,,,,,,,,,,,,
Rodrigo,,3,0,1,7.6,9.5,32.72,9.68,53.4,21.0,6.2,0.0,7.75,10.25,20.5,32.2,11.82,59.5,,,,,,,,,,,,,,,,,,,,,,,,,,,,,,
Dallas,,2,1,0,0.0,0.0,0.0,0.0,0.0,0.0,0.0,0.0,0.0,0.0,0.0,0.0,0.0,0.0,,,,,,,,,,,,,,,,,,,,,,,,,,,,,,
Bamford,,4,0,1,2.0,2.48,1.6,1.15,24.0,1.75,0.6,1.1,1.0,1.9,-0.33,0.0,1.13,20.67,,,,,,,,,,,,,,,,,,,,,,,,,,,,,,
Llorente,,2,1,0,2.3,1.72,12.57,0.78,3.67,15.83,2.4,2.9,2.4,1.54,15.8,10.48,0.84,4.0,,,,,,,,,,,,,,,,,,,,,,,,,,,,,,
Roberts,,3,0,1,0.0,0.0,0.0,0.0,0.0,0.0,0.0,0.0,0.0,0.0,0.0,0.0,0.0,0.0,,,,,,,,,,,,,,,,,,,,,,,,,,,,,,
Koch,,2,1,0,2.2,2.38,18.13,1.33,4.33,14.5,2.2,2.7,2.2,2.26,13.6,16.68,1.54,4.4,,,,,,,,,,,,,,,,,,,,,,,,,,,,,,
Raphinha,,3,0,1,0.0,0.0,0.0,0.0,0.0,0.0,0.0,0.0,0.0,0.0,0.0,0.0,0.0,0.0,,,,,,,,,,,,,,,,,,,,,,,,,,,,,,
Harrison,,3,0,1,4.8,8.35,26.27,37.3,20.0,15.67,4.6,5.1,4.6,7.54,13.8,24.56,29.0,22.0,,,,,,,,,,,,,,,,,,,,,,,,,,,,,,
Shackleton,,3,0,1,0.0,0.0,0.0,0.0,0.0,0.0,0.0,0.0,0.0,0.0,0.0,0.0,0.0,0.0,,,,,,,,,,,,,,,,,,,,,,,,,,,,,,
Struijk,,2,1,0,3.2,4.63,22.9,12.63,10.67,18.83,3.4,3.9,3.4,5.04,20.6,23.44,14.9,12.0,,,,,,,,,,,,,,,,,,,,,,,,,,,,,,
Klaesson,,1,1,0,0.0,0.0,0.0,0.0,0.0,0.0,0.0,0.5,0.0,0.0,0.0,0.0,0.0,0.0,,,,,,,,,,,,,,,,,,,,,,,,,,,,,,
Greenwood,,4,0,1,1.0,1.73,2.67,5.03,9.67,3.33,0.4,0.9,1.0,1.5,3.0,3.8,7.3,4.0,,,,,,,,,,,,,,,,,,,,,,,,,,,,,,
Meslier,,1,1,0,2.8,2.33,23.1,0.0,0.0,16.17,2.8,3.3,2.8,2.02,15.6,19.96,0.0,0.0,,,,,,,,,,,,,,,,,,,,,,,,,,,,,,
Firpo,,2,1,0,0.0,0.0,0.0,0.0,0.0,0.0,0.0,0.4,0.0,0.0,0.0,0.0,0.0,0.0,,,,,,,,,,,,,,,,,,,,,,,,,,,,,,
Summerville,,3,0,1,1.0,0.45,2.3,0.8,2.0,3.0,0.2,0.7,1.0,0.8,4.0,4.6,1.3,2.0,,,,,,,,,,,,,,,,,,,,,,,,,,,,,,
Bate,,3,0,1,0.0,0.0,0.0,0.0,0.0,0.0,0.0,0.0,0.0,0.0,0.0,0.0,0.0,0.0,,,,,,,,,,,,,,,,,,,,,,,,,,,,,,
Gelhardt,,4,0,1,1.0,1.12,0.6,1.12,9.8,0.0,0.8,1.3,1.0,1.38,-0.5,0.7,1.32,12.25,,,,,,,,,,,,,,,,,,,,,,,,,,,,,,
Hjelde,,2,1,0,0.0,0.0,0.0,0.0,0.0,0.0,0.0,0.5,0.0,0.0,0.0,0.0,0.0,0.0,,,,,,,,,,,,,,,,,,,,,,,,,,,,,,
Kristensen,,2,1,0,2.2,3.28,15.12,9.54,8.2,11.0,1.8,1.7,2.25,3.22,10.5,15.1,7.98,9.25,,,,,,,,,,,,,,,,,,,,,,,,,,,,,,
Roca,,3,0,1,2.8,4.92,21.33,12.7,15.17,15.33,3.0,3.5,3.0,5.08,15.4,23.16,12.88,14.8,,,,,,,,,,,,,,,,,,,,,,,,,,,,,,
Aaronson,,3,0,1,3.2,5.75,16.77,22.05,18.5,8.83,3.4,3.9,3.4,6.46,9.8,19.4,26.06,19.0,,,,,,,,,,,,,,,,,,,,,,,,,,,,,,
Gyabi,,3,0,1,0.0,0.0,0.0,0.0,0.0,0.0,0.0,0.5,0.0,0.0,0.0,0.0,0.0,0.0,,,,,,,,,,,,,,,,,,,,,,,,,,,,,,
Adams,,3,0,1,1.8,3.95,19.87,17.8,1.83,11.83,2.0,2.5,2.0,4.26,12.8,21.64,18.96,2.0,,,,,,,,,,,,,,,,,,,,,,,,,,,,,,
Sinisterra,,3,0,1,3.6,3.06,15.96,6.46,8.4,10.0,3.6,4.1,3.6,3.06,10.0,15.96,6.46,8.4,,,,,,,,,,,,,,,,,,,,,,,,,,,,,,
Drameh,,2,1,0,1.0,1.6,12.8,2.7,0.0,16.0,0.2,0.7,1.0,1.6,16.0,12.8,2.7,0.0,,,,,,,,,,,,,,,,,,,,,,,,,,,,,,
Gray,,3,0,1,0.0,0.0,0.0,0.0,0.0,0.0,0.0,0.5,0.0,0.0,0.0,0.0,0.0,0.0,,,,,,,,,,,,,,,,,,,,,,,,,,,,,,
Robles,,1,1,0,0.0,0.0,0.0,0.0,0.0,0.0,0.0,0.5,0.0,0.0,0.0,0.0,0.0,0.0,,,,,,,,,,,,,,,,,,,,,,,,,,,,,,
Gnonto,,4,0,1,0.0,0.0,0.0,0.0,0.0,0.0,0.0,1.8,0.0,0.0,0.0,0.0,0.0,0.0,,,,,,,,,,,,,,,,,,,,,,,,,,,,,,
Milner,,3,0,1,1.8,3.18,8.3,11.47,11.83,8.67,2.0,3.0,2.0,3.5,10.2,9.32,12.82,12.6,,,,,,,,,,,,,,,,,,,,,,,,,,,,,,
Henderson,,3,0,1,1.8,3.08,9.04,16.14,5.4,12.2,1.4,0.0,1.75,2.58,11.75,9.25,12.73,3.5,,,,,,,,,,,,,,,,,,,,,,,,,,,,,,
Matip,,2,1,0,1.0,1.65,15.6,1.05,0.0,11.0,0.2,1.2,1.0,0.1,3.0,0.8,0.3,0.0,,,,,,,,,,,,,,,,,,,,,,,,,,,,,,
Thiago,,3,0,1,1.0,2.3,6.4,16.8,0.0,8.0,0.0,1.0,0.0,0.0,0.0,0.0,0.0,0.0,,,,,,,,,,,,,,,,,,,,,,,,,,,,,,
Chamberlain,,3,0,1,0.0,0.0,0.0,0.0,0.0,0.0,0.0,0.0,0.0,0.0,0.0,0.0,0.0,0.0,,,,,,,,,,,,,,,,,,,,,,,,,,,,,,
Firmino,,4,0,1,7.0,12.22,41.08,21.3,59.4,28.4,6.8,7.8,8.5,14.82,34.5,49.5,25.58,72.75,,,,,,,,,,,,,,,,,,,,,,,,,,,,,,
Van Dijk,,2,1,0,3.8,4.77,24.2,4.15,19.33,20.33,4.4,5.4,4.4,5.34,22.0,25.76,4.82,22.8,,,,,,,,,,,,,,,,,,,,,,,,,,,,,,
Alisson,,1,1,0,3.3,1.72,17.1,0.0,0.0,18.0,3.8,4.8,3.8,1.9,19.4,18.88,0.0,0.0,,,,,,,,,,,,,,,,,,,,,,,,,,,,,,
Fabinho,,3,0,1,1.8,2.8,11.03,9.83,7.17,10.67,2.0,3.0,2.0,3.04,10.4,11.28,10.94,8.2,,,,,,,,,,,,,,,,,,,,,,,,,,,,,,
Salah,,3,0,1,6.3,11.83,27.2,47.42,43.67,15.5,5.2,6.2,5.2,12.5,11.8,24.72,52.9,47.4,,,,,,,,,,,,,,,,,,,,,,,,,,,,,,
Robertson,,2,1,0,2.7,4.93,12.27,26.12,11.0,13.67,3.0,4.0,3.0,5.34,15.6,12.08,29.78,11.6,,,,,,,,,,,,,,,,,,,,,,,,,,,,,,
Alexander-Arnold,,2,1,0,4.0,7.33,20.9,40.28,12.0,21.17,4.6,5.6,4.6,8.1,22.8,22.64,44.16,14.0,,,,,,,,,,,,,,,,,,,,,,,,,,,,,,
Gomez,,2,1,0,3.8,2.36,17.48,3.94,2.2,20.2,3.8,4.8,3.8,2.36,20.2,17.48,3.94,2.2,,,,,,,,,,,,,,,,,,,,,,,,,,,,,,
Keita,,3,0,1,0.0,0.0,0.0,0.0,0.0,0.0,0.0,0.0,0.0,0.0,0.0,0.0,0.0,0.0,,,,,,,,,,,,,,,,,,,,,,,,,,,,,,
Diogo Jota,,4,0,1,1.0,3.4,1.2,20.5,12.0,-1.0,0.2,1.2,1.0,3.4,-1.0,1.2,20.5,12.0,,,,,,,,,,,,,,,,,,,,,,,,,,,,,,
Kelleher,,1,1,0,0.0,0.0,0.0,0.0,0.0,0.0,0.0,0.5,0.0,0.0,0.0,0.0,0.0,0.0,,,,,,,,,,,,,,,,,,,,,,,,,,,,,,
Konaté,,2,1,0,0.0,0.0,0.0,0.0,0.0,0.0,0.0,0.0,0.0,0.0,0.0,0.0,0.0,0.0,,,,,,,,,,,,,,,,,,,,,,,,,,,,,,
Jones,,3,0,1,0.0,0.0,0.0,0.0,0.0,0.0,0.0,0.8,0.0,0.0,0.0,0.0,0.0,0.0,,,,,,,,,,,,,,,,,,,,,,,,,,,,,,
Tsimikas,,2,1,0,2.0,3.64,11.92,16.58,7.6,9.4,2.0,3.0,2.0,3.64,9.4,11.92,16.58,7.6,,,,,,,,,,,,,,,,,,,,,,,,,,,,,,
Luis Díaz,,3,0,1,5.3,8.07,23.73,12.6,44.5,14.33,6.0,7.0,6.0,9.18,17.0,28.48,14.44,48.6,,,,,,,,,,,,,,,,,,,,,,,,,,,,,,
Elliott,,3,0,1,3.0,5.8,14.83,17.62,25.33,14.33,3.4,4.4,3.4,6.54,16.6,17.0,18.52,29.6,,,,,,,,,,,,,,,,,,,,,,,,,,,,,,
Carvalho,,3,0,1,3.2,3.28,13.03,2.08,18.33,10.83,3.6,3.4,3.6,3.9,12.8,15.64,2.44,21.2,,,,,,,,,,,,,,,,,,,,,,,,,,,,,,
Darwin,,4,0,1,3.0,10.6,19.13,14.33,75.67,6.0,0.0,1.0,0.0,6.6,-6.5,2.1,11.2,57.5,,,,,,,,,,,,,,,,,,,,,,,,,,,,,,
Ramsay,,2,1,0,0.0,0.0,0.0,0.0,0.0,0.0,0.0,0.0,0.0,0.0,0.0,0.0,0.0,0.0,,,,,,,,,,,,,,,,,,,,,,,,,,,,,,
Adrián,,1,1,0,0.0,0.0,0.0,0.0,0.0,0.0,0.0,1.0,0.0,0.0,0.0,0.0,0.0,0.0,,,,,,,,,,,,,,,,,,,,,,,,,,,,,,
R.Williams,,2,1,0,0.0,0.0,0.0,0.0,0.0,0.0,0.0,0.0,0.0,0.0,0.0,0.0,0.0,0.0,,,,,,,,,,,,,,,,,,,,,,,,,,,,,,
Davies,,2,1,0,0.0,0.0,0.0,0.0,0.0,0.0,0.0,0.0,0.0,0.0,0.0,0.0,0.0,0.0,,,,,,,,,,,,,,,,,,,,,,,,,,,,,,
Van den Berg,,2,1,0,0.0,0.0,0.0,0.0,0.0,0.0,0.0,0.0,0.0,0.0,0.0,0.0,0.0,0.0,,,,,,,,,,,,,,,,,,,,,,,,,,,,,,
Phillips,,2,1,0,2.0,3.4,15.0,1.4,18.0,14.0,0.4,1.4,2.0,3.4,14.0,15.0,1.4,18.0,,,,,,,,,,,,,,,,,,,,,,,,,,,,,,
Chambers,,2,1,0,0.0,0.0,0.0,0.0,0.0,0.0,0.0,1.0,0.0,0.0,0.0,0.0,0.0,0.0,,,,,,,,,,,,,,,,,,,,,,,,,,,,,,
Bajcetic,,3,0,1,1.0,0.5,3.8,1.6,0.0,6.0,0.2,1.2,1.0,0.5,6.0,3.8,1.6,0.0,,,,,,,,,,,,,,,,,,,,,,,,,,,,,,
Clark,,3,0,1,1.0,0.2,0.0,0.3,2.0,1.0,0.2,1.2,0.0,0.0,0.0,0.0,0.0,0.0,,,,,,,,,,,,,,,,,,,,,,,,,,,,,,
H.Davies,,1,1,0,0.0,0.0,0.0,0.0,0.0,0.0,0.0,1.0,0.0,0.0,0.0,0.0,0.0,0.0,,,,,,,,,,,,,,,,,,,,,,,,,,,,,,
Arthur,,3,0,1,0.0,0.0,0.0,0.0,0.0,0.0,0.0,2.7,0.0,0.0,0.0,0.0,0.0,0.0,,,,,,,,,,,,,,,,,,,,,,,,,,,,,,
Walker,,2,1,0,3.7,2.35,11.57,10.97,1.0,19.0,3.2,1.9,3.2,2.54,18.0,12.56,11.62,1.2,,,,,,,,,,,,,,,,,,,,,,,,,,,,,,
Gündogan,,3,0,1,5.0,8.35,24.53,34.85,24.17,20.67,5.4,5.9,5.4,9.0,22.6,28.68,36.54,24.8,,,,,,,,,,,,,,,,,,,,,,,,,,,,,,
De Bruyne,,3,0,1,5.8,10.98,31.07,52.4,26.5,22.0,5.8,6.3,5.8,11.44,21.6,32.4,54.28,27.8,,,,,,,,,,,,,,,,,,,,,,,,,,,,,,
Stones,,2,1,0,3.2,2.56,17.72,6.32,1.6,19.0,3.2,2.8,3.2,2.56,19.0,17.72,6.32,1.6,,,,,,,,,,,,,,,,,,,,,,,,,,,,,,
Mahrez,,3,0,1,2.2,3.68,4.76,20.14,11.8,9.6,2.0,2.5,2.5,4.2,11.0,5.45,21.6,14.75,,,,,,,,,,,,,,,,,,,,,,,,,,,,,,
Grealish,,3,0,1,2.0,4.25,6.6,27.2,9.0,12.0,0.2,0.7,1.0,3.5,5.0,6.0,25.2,4.0,,,,,,,,,,,,,,,,,,,,,,,,,,,,,,
Cancelo,,2,1,0,5.5,4.78,18.03,15.92,14.0,22.17,5.2,5.7,5.2,4.96,21.2,18.56,15.32,15.8,,,,,,,,,,,,,,,,,,,,,,,,,,,,,,
Ederson,,1,1,0,3.8,1.1,10.87,0.0,0.0,18.5,3.2,3.7,3.2,1.04,17.0,10.16,0.0,0.0,,,,,,,,,,,,,,,,,,,,,,,,,,,,,,
Aké,,2,1,0,3.8,2.35,11.8,1.1,10.5,14.25,1.6,2.1,2.67,2.1,10.33,7.0,1.27,12.67,,,,,,,,,,,,,,,,,,,,,,,,,,,,,,
Laporte,,2,1,0,0.0,0.0,0.0,0.0,0.0,0.0,0.0,0.0,0.0,0.0,0.0,0.0,0.0,0.0,,,,,,,,,,,,,,,,,,,,,,,,,,,,,,
Steffen,,1,1,0,0.0,0.0,0.0,0.0,0.0,0.0,0.0,0.0,0.0,0.0,0.0,0.0,0.0,0.0,,,,,,,,,,,,,,,,,,,,,,,,,,,,,,
Bernardo,,3,0,1,5.5,6.35,23.8,20.17,19.5,19.67,6.4,6.9,6.4,7.44,23.0,27.68,23.66,23.0,,,,,,,,,,,,,,,,,,,,,,,,,,,,,,
Dias,,2,1,0,3.7,3.18,15.9,6.82,9.17,19.33,3.2,3.7,3.2,3.42,18.2,15.76,7.9,10.6,,,,,,,,,,,,,,,,,,,,,,,,,,,,,,
Foden,,3,0,1,4.0,7.3,20.3,31.75,21.0,18.0,4.2,4.7,4.2,7.74,17.8,22.2,32.02,23.2,,,,,,,,,,,,,,,,,,,,,,,,,,,,,,
Rodri,,3,0,1,3.2,4.52,17.23,14.63,13.17,15.67,3.2,3.7,3.2,4.96,15.2,17.48,16.4,15.6,,,,,,,,,,,,,,,,,,,,,,,,,,,,,,
Palmer,,3,0,1,1.0,0.8,2.33,2.9,2.67,4.33,0.4,0.9,1.0,1.1,5.0,3.5,4.2,3.0,,,,,,,,,,,,,,,,,,,,,,,,,,,,,,
McAtee,,3,0,1,0.0,0.0,0.0,0.0,0.0,0.0,0.0,0.0,0.0,0.0,0.0,0.0,0.0,0.0,,,,,,,,,,,,,,,,,,,,,,,,,,,,,,
Haaland,,4,0,1,11.2,13.97,58.3,7.82,73.5,46.33,10.8,11.3,10.8,13.96,46.0,57.44,8.42,73.6,,,,,,,,,,,,,,,,,,,,,,,,,,,,,,
Álvarez,,4,0,1,3.8,4.9,20.15,8.43,20.5,15.5,2.8,3.3,4.67,6.23,20.33,26.87,10.9,24.67,,,,,,,,,,,,,,,,,,,,,,,,,,,,,,
Mbete,,2,1,0,0.0,0.0,0.0,0.0,0.0,0.0,0.0,0.0,0.0,0.0,0.0,0.0,0.0,0.0,,,,,,,,,,,,,,,,,,,,,,,,,,,,,,
Wilson-Esbrand,,2,1,0,0.0,0.0,0.0,0.0,0.0,0.0,0.0,0.5,0.0,0.0,0.0,0.0,0.0,0.0,,,,,,,,,,,,,,,,,,,,,,,,,,,,,,
Delap,,4,0,1,0.0,0.0,0.0,0.0,0.0,0.0,0.0,0.0,0.0,0.0,0.0,0.0,0.0,0.0,,,,,,,,,,,,,,,,,,,,,,,,,,,,,,
Ortega,,1,1,0,0.0,0.0,0.0,0.0,0.0,0.0,0.0,0.5,0.0,0.0,0.0,0.0,0.0,0.0,,,,,,,,,,,,,,,,,,,,,,,,,,,,,,
Phillips,,3,0,1,1.0,0.1,0.6,0.5,0.0,3.0,0.0,0.5,0.0,0.0,0.0,0.0,0.0,0.0,,,,,,,,,,,,,,,,,,,,,,,,,,,,,,
Carson,,1,1,0,0.0,0.0,0.0,0.0,0.0,0.0,0.0,0.5,0.0,0.0,0.0,0.0,0.0,0.0,,,,,,,,,,,,,,,,,,,,,,,,,,,,,,
Lewis,,2,1,0,1.0,0.5,3.7,1.05,0.0,3.0,0.4,0.9,1.0,0.5,3.0,3.7,1.05,0.0,,,,,,,,,,,,,,,,,,,,,,,,,,,,,,
Sergio Gómez,,2,1,0,1.0,0.9,4.3,1.35,4.0,2.5,0.5,1.0,0.0,0.0,0.0,0.0,0.0,0.0,,,,,,,,,,,,,,,,,,,,,,,,,,,,,,
Gomes,,3,0,1,0.0,0.0,0.0,0.0,0.0,0.0,0.0,0.0,0.0,0.0,0.0,0.0,0.0,0.0,,,,,,,,,,,,,,,,,,,,,,,,,,,,,,
Knight,,3,0,1,0.0,0.0,0.0,0.0,0.0,0.0,0.0,0.5,0.0,0.0,0.0,0.0,0.0,0.0,,,,,,,,,,,,,,,,,,,,,,,,,,,,,,
Akanji,,2,1,0,0.0,0.0,0.0,0.0,0.0,0.0,0.0,2.8,0.0,0.0,0.0,0.0,0.0,0.0,,,,,,,,,,,,,,,,,,,,,,,,,,,,,,
Ronaldo,,4,0,1,1.2,2.63,2.07,9.8,15.5,0.83,1.2,1.2,1.2,2.44,0.4,1.56,9.46,14.6,,,,,,,,,,,,,,,,,,,,,,,,,,,,,,
De Gea,,1,1,0,3.5,2.43,22.53,1.67,0.0,17.33,4.0,4.0,4.0,2.5,18.6,22.88,2.0,0.0,,,,,,,,,,,,,,,,,,,,,,,,,,,,,,
Jones,,2,1,0,0.0,0.0,0.0,0.0,0.0,0.0,0.0,0.0,0.0,0.0,0.0,0.0,0.0,0.0,,,,,,,,,,,,,,,,,,,,,,,,,,,,,,
Varane,,2,1,0,3.4,1.94,15.48,2.66,1.2,14.2,3.4,3.4,3.4,1.94,14.2,15.48,2.66,1.2,,,,,,,,,,,,,,,,,,,,,,,,,,,,,,
Maguire,,2,1,0,-0.3,3.1,14.8,5.17,11.33,9.0,-0.2,-0.2,-0.5,1.95,6.5,13.2,6.6,0.0,,,,,,,,,,,,,,,,,,,,,,,,,,,,,,
Fred,,3,0,1,0.8,0.78,2.87,3.72,1.17,5.33,0.8,0.8,0.8,0.84,5.2,3.24,3.84,1.2,,,,,,,,,,,,,,,,,,,,,,,,,,,,,,
Shaw,,2,1,0,-0.5,4.5,12.0,23.25,9.5,10.0,-0.2,-0.2,-1.0,2.1,7.0,6.6,14.2,0.0,,,,,,,,,,,,,,,,,,,,,,,,,,,,,,
Fernandes,,3,0,1,3.7,7.83,23.1,27.1,28.0,14.17,4.0,4.0,4.0,8.32,14.2,25.56,25.52,32.0,,,,,,,,,,,,,,,,,,,,,,,,,,,,,,
Telles,,2,1,0,0.0,0.0,0.0,0.0,0.0,0.0,0.0,0.0,0.0,0.0,0.0,0.0,0.0,0.0,,,,,,,,,,,,,,,,,,,,,,,,,,,,,,
Rashford,,3,0,1,6.7,7.92,27.6,16.25,35.17,18.67,7.6,7.6,7.6,8.5,22.6,32.76,16.9,35.2,,,,,,,,,,,,,,,,,,,,,,,,,,,,,,
Van de Beek,,3,0,1,1.0,0.07,0.2,0.73,0.0,2.67,0.4,0.3,1.0,0.0,2.5,0.1,0.2,0.0,,,,,,,,,,,,,,,,,,,,,,,,,,,,,,
Lindelöf,,2,1,0,0.0,0.0,0.0,0.0,0.0,0.0,0.0,0.0,0.0,0.0,0.0,0.0,0.0,0.0,,,,,,,,,,,,,,,,,,,,,,,,,,,,,,
McTominay,,3,0,1,1.5,2.48,11.4,3.72,9.67,8.17,1.6,1.6,1.6,2.44,9.6,13.68,4.04,6.4,,,,,,,,,,,,,,,,,,,,,,,,,,,,,,
Bailly,,2,1,0,0.0,0.0,0.0,0.0,0.0,0.0,0.0,0.0,0.0,0.0,0.0,0.0,0.0,0.0,,,,,,,,,,,,,,,,,,,,,,,,,,,,,,
Sancho,,3,0,1,4.7,4.65,16.07,12.25,18.17,14.33,5.2,5.2,5.2,4.72,14.6,17.88,9.9,19.4,,,,,,,,,,,,,,,,,,,,,,,,,,,,,,
Wan-Bissaka,,2,1,0,1.0,0.3,3.0,0.0,0.0,4.0,0.2,0.2,1.0,0.3,4.0,3.0,0.0,0.0,,,,,,,,,,,,,,,,,,,,,,,,,,,,,,
Dalot,,2,1,0,3.8,6.15,21.8,22.87,16.83,18.33,4.4,4.4,4.4,5.36,20.0,22.6,21.92,9.0,,,,,,,,,,,,,,,,,,,,,,,,,,,,,,
B.Williams,,2,1,0,0.0,0.0,0.0,0.0,0.0,0.0,0.0,0.0,0.0,0.0,0.0,0.0,0.0,0.0,,,,,,,,,,,,,,,,,,,,,,,,,,,,,,
Elanga,,3,0,1,2.0,2.98,6.76,11.32,11.8,4.4,1.8,1.8,2.25,3.72,5.0,8.4,14.12,14.75,,,,,,,,,,,,,,,,,,,,,,,,,,,,,,
Martial,,4,0,1,4.0,5.4,24.4,24.0,6.0,19.0,0.8,0.0,4.0,5.4,19.0,24.4,24.0,6.0,,,,,,,,,,,,,,,,,,,,,,,,,,,,,,
Pellistri,,3,0,1,0.0,0.0,0.0,0.0,0.0,0.0,0.0,0.0,0.0,0.0,0.0,0.0,0.0,0.0,,,,,,,,,,,,,,,,,,,,,,,,,,,,,,
Heaton,,1,1,0,0.0,0.0,0.0,0.0,0.0,0.0,0.0,0.0,0.0,0.0,0.0,0.0,0.0,0.0,,,,,,,,,,,,,,,,,,,,,,,,,,,,,,
Dubravka,,1,1,0,0.0,0.0,0.0,0.0,0.0,0.0,0.0,0.0,0.0,0.0,0.0,0.0,0.0,0.0,,,,,,,,,,,,,,,,,,,,,,,,,,,,,,
Malacia,,2,1,0,3.2,1.6,10.53,3.07,2.33,12.67,3.6,3.6,3.6,1.84,14.0,11.84,3.68,2.8,,,,,,,,,,,,,,,,,,,,,,,,,,,,,,
Eriksen,,3,0,1,2.7,5.07,12.6,20.78,17.5,10.5,2.8,2.8,2.8,3.98,9.2,9.4,16.44,14.2,,,,,,,,,,,,,,,,,,,,,,,,,,,,,,
Martínez,,2,1,0,2.3,3.0,21.4,1.12,7.4,20.6,2.8,2.8,2.8,1.68,17.4,15.96,0.8,0.0,,,,,,,,,,,,,,,,,,,,,,,,,,,,,,
Amad,,3,0,1,0.0,0.0,0.0,0.0,0.0,0.0,0.0,0.0,0.0,0.0,0.0,0.0,0.0,0.0,,,,,,,,,,,,,,,,,,,,,,,,,,,,,,
Iqbal,,3,0,1,0.0,0.0,0.0,0.0,0.0,0.0,0.0,0.0,0.0,0.0,0.0,0.0,0.0,0.0,,,,,,,,,,,,,,,,,,,,,,,,,,,,,,
Garnacho,,3,0,1,1.0,0.0,0.0,0.0,0.0,,0.0,0.0,0.0,0.0,0.0,0.0,0.0,0.0,,,,,,,,,,,,,,,,,,,,,,,,,,,,,,
Casemiro,,3,0,1,1.0,1.1,10.6,0.43,0.0,6.0,1.0,1.0,0.0,0.0,0.0,0.0,0.0,0.0,,,,,,,,,,,,,,,,,,,,,,,,,,,,,,
Antony,,3,0,1,6.0,6.5,38.4,1.6,25.0,18.0,6.0,2.6,0.0,0.0,0.0,0.0,0.0,0.0,,,,,,,,,,,,,,,,,,,,,,,,,,,,,,
Kovár,,1,1,0,0.0,0.0,0.0,0.0,0.0,0.0,0.0,0.0,0.0,0.0,0.0,0.0,0.0,0.0,,,,,,,,,,,,,,,,,,,,,,,,,,,,,,
Shelvey,,3,0,1,0.0,0.0,0.0,0.0,0.0,0.0,0.0,0.0,0.0,0.0,0.0,0.0,0.0,0.0,,,,,,,,,,,,,,,,,,,,,,,,,,,,,,
Ritchie,,2,1,0,1.0,0.0,0.0,0.0,0.0,3.0,0.2,0.2,1.0,0.0,3.0,0.0,0.0,0.0,,,,,,,,,,,,,,,,,,,,,,,,,,,,,,
Fernández,,2,1,0,0.0,0.0,0.0,0.0,0.0,0.0,0.0,0.0,0.0,0.0,0.0,0.0,0.0,0.0,,,,,,,,,,,,,,,,,,,,,,,,,,,,,,
Clark,,2,1,0,0.0,0.0,0.0,0.0,0.0,0.0,0.0,0.0,0.0,0.0,0.0,0.0,0.0,0.0,,,,,,,,,,,,,,,,,,,,,,,,,,,,,,
Darlow,,1,1,0,0.0,0.0,0.0,0.0,0.0,0.0,0.0,0.0,0.0,0.0,0.0,0.0,0.0,0.0,,,,,,,,,,,,,,,,,,,,,,,,,,,,,,
Wood,,4,0,1,1.2,1.07,1.83,2.07,6.83,3.0,1.2,1.2,1.2,1.28,3.2,2.2,2.48,8.2,,,,,,,,,,,,,,,,,,,,,,,,,,,,,,
Wilson,,4,0,1,4.7,7.93,23.13,13.5,42.33,17.67,1.6,0.0,4.0,6.45,14.0,17.6,7.6,39.0,,,,,,,,,,,,,,,,,,,,,,,,,,,,,,
Trippier,,2,1,0,5.0,6.43,25.5,33.35,5.33,23.5,4.6,4.6,4.6,6.3,21.8,26.64,31.74,4.4,,,,,,,,,,,,,,,,,,,,,,,,,,,,,,
Burn,,2,1,0,3.0,2.63,13.57,4.62,8.0,13.83,2.4,2.4,2.4,2.04,12.0,14.24,3.5,2.4,,,,,,,,,,,,,,,,,,,,,,,,,,,,,,
Fraser,,3,0,1,1.5,2.72,4.9,11.92,10.25,5.5,1.0,1.0,1.67,3.2,6.0,5.8,12.47,13.67,,,,,,,,,,,,,,,,,,,,,,,,,,,,,,
Lascelles,,2,1,0,0.0,1.9,19.0,0.0,0.0,6.0,0.0,0.0,0.0,1.9,6.0,19.0,0.0,0.0,,,,,,,,,,,,,,,,,,,,,,,,,,,,,,
Gayle,,4,0,1,0.0,0.0,0.0,0.0,0.0,0.0,0.0,0.0,0.0,0.0,0.0,0.0,0.0,0.0,,,,,,,,,,,,,,,,,,,,,,,,,,,,,,
Dummett,,2,1,0,0.0,0.0,0.0,0.0,0.0,0.0,0.0,0.0,0.0,0.0,0.0,0.0,0.0,0.0,,,,,,,,,,,,,,,,,,,,,,,,,,,,,,
Manquillo,,2,1,0,0.0,0.0,0.0,0.0,0.0,0.0,0.0,0.0,0.0,0.0,0.0,0.0,0.0,0.0,,,,,,,,,,,,,,,,,,,,,,,,,,,,,,
Krafth,,2,1,0,1.0,0.0,0.0,0.0,0.0,3.0,0.2,0.0,1.0,0.0,3.0,0.0,0.0,0.0,,,,,,,,,,,,,,,,,,,,,,,,,,,,,,
Murphy,,3,0,1,1.0,0.85,1.6,0.53,6.33,2.0,1.0,1.0,1.0,1.02,1.8,1.92,0.64,7.6,,,,,,,,,,,,,,,,,,,,,,,,,,,,,,
Schär,,2,1,0,5.4,5.32,30.08,9.52,13.6,20.8,2.4,2.4,3.0,4.0,15.25,21.1,8.25,10.75,,,,,,,,,,,,,,,,,,,,,,,,,,,,,,
Targett,,2,1,0,4.0,3.85,15.55,21.02,2.0,19.0,1.6,1.6,2.67,3.3,14.33,15.0,15.5,2.67,,,,,,,,,,,,,,,,,,,,,,,,,,,,,,
Saint-Maximin,,3,0,1,6.8,9.5,26.65,23.92,44.25,19.0,4.8,2.4,8.0,9.13,23.33,33.27,26.0,32.0,,,,,,,,,,,,,,,,,,,,,,,,,,,,,,
Almirón,,3,0,1,3.3,5.18,12.97,10.6,28.17,11.0,3.4,3.4,3.4,4.52,10.0,12.48,6.58,26.0,,,,,,,,,,,,,,,,,,,,,,,,,,,,,,
S.Longstaff,,3,0,1,2.2,3.12,10.83,8.45,11.83,10.33,2.4,2.4,2.4,3.4,10.6,12.12,8.08,13.8,,,,,,,,,,,,,,,,,,,,,,,,,,,,,,
Joelinton,,3,0,1,2.7,7.25,22.53,27.22,22.67,13.5,2.0,2.0,2.0,6.48,10.6,19.24,23.44,22.0,,,,,,,,,,,,,,,,,,,,,,,,,,,,,,
Lewis,,2,1,0,0.0,0.0,0.0,0.0,0.0,0.0,0.0,0.0,0.0,0.0,0.0,0.0,0.0,0.0,,,,,,,,,,,,,,,,,,,,,,,,,,,,,,
Willock,,3,0,1,2.5,4.87,13.77,14.18,20.67,7.5,2.4,2.4,2.4,4.22,7.8,13.72,14.14,14.2,,,,,,,,,,,,,,,,,,,,,,,,,,,,,,
Bruno Guimarães,,3,0,1,2.3,3.93,16.73,21.23,1.0,12.0,0.8,0.4,2.0,2.35,9.5,14.5,8.6,0.0,,,,,,,,,,,,,,,,,,,,,,,,,,,,,,
Hendrick,,3,0,1,0.0,0.0,0.0,0.0,0.0,0.0,0.0,0.0,0.0,0.0,0.0,0.0,0.0,0.0,,,,,,,,,,,,,,,,,,,,,,,,,,,,,,
Pope,,1,1,0,6.0,3.4,34.0,0.0,0.0,25.33,6.0,6.0,6.0,4.04,26.2,40.32,0.0,0.0,,,,,,,,,,,,,,,,,,,,,,,,,,,,,,
Botman,,2,1,0,3.4,2.52,10.84,2.5,11.8,16.2,3.2,3.2,4.0,3.12,19.5,13.4,3.12,14.75,,,,,,,,,,,,,,,,,,,,,,,,,,,,,,
Anderson,,3,0,1,1.0,2.27,4.87,5.3,12.67,3.0,0.6,0.6,1.0,2.27,3.0,4.87,5.3,12.67,,,,,,,,,,,,,,,,,,,,,,,,,,,,,,
Isak,,4,0,1,4.5,7.45,21.8,5.8,47.0,11.5,3.0,3.0,0.0,0.0,0.0,0.0,0.0,0.0,,,,,,,,,,,,,,,,,,,,,,,,,,,,,,
N.Williams,,2,1,0,2.0,6.97,22.43,25.92,21.17,14.67,2.4,1.9,2.4,7.56,15.6,23.56,27.34,24.6,,,,,,,,,,,,,,,,,,,,,,,,,,,,,,
Arter,,3,0,1,0.0,0.0,0.0,0.0,0.0,0.0,0.0,-0.5,0.0,0.0,0.0,0.0,0.0,0.0,,,,,,,,,,,,,,,,,,,,,,,,,,,,,,
Cook,,2,1,0,1.2,1.98,16.0,2.98,1.0,11.75,1.0,0.5,1.25,1.98,11.75,16.0,2.98,1.0,,,,,,,,,,,,,,,,,,,,,,,,,,,,,,
Taylor,,4,0,1,0.0,0.0,0.0,0.0,0.0,0.0,0.0,-0.5,0.0,0.0,0.0,0.0,0.0,0.0,,,,,,,,,,,,,,,,,,,,,,,,,,,,,,
Colback,,3,0,1,1.3,1.17,6.2,5.37,0.0,7.67,0.4,-0.1,1.0,0.95,5.0,2.1,7.4,0.0,,,,,,,,,,,,,,,,,,,,,,,,,,,,,,
Samba,,1,1,0,0.0,0.0,0.0,0.0,0.0,0.0,0.0,0.0,0.0,0.0,0.0,0.0,0.0,0.0,,,,,,,,,,,,,,,,,,,,,,,,,,,,,,
Cafú,,3,0,1,1.0,0.3,2.4,0.1,0.0,3.0,0.2,-0.3,1.0,0.3,3.0,2.4,0.1,0.0,,,,,,,,,,,,,,,,,,,,,,,,,,,,,,
Lolley,,3,0,1,0.0,0.0,0.0,0.0,0.0,0.0,0.0,0.0,0.0,0.0,0.0,0.0,0.0,0.0,,,,,,,,,,,,,,,,,,,,,,,,,,,,,,
McKenna,,2,1,0,1.2,2.65,16.6,8.45,1.67,11.33,1.2,0.7,1.2,2.6,11.8,14.56,10.1,1.6,,,,,,,,,,,,,,,,,,,,,,,,,,,,,,
Dräger,,2,1,0,0.0,0.0,0.0,0.0,0.0,0.0,0.0,0.0,0.0,0.0,0.0,0.0,0.0,0.0,,,,,,,,,,,,,,,,,,,,,,,,,,,,,,
Yates,,3,0,1,2.5,4.12,5.95,7.02,28.25,11.0,2.0,1.5,2.5,4.12,11.0,5.95,7.02,28.25,,,,,,,,,,,,,,,,,,,,,,,,,,,,,,
Worrall,,2,1,0,1.3,2.12,18.73,1.25,1.33,13.0,1.6,1.1,1.6,2.22,13.8,19.28,1.42,1.6,,,,,,,,,,,,,,,,,,,,,,,,,,,,,,
Panzo,,2,1,0,0.0,0.0,0.0,0.0,0.0,0.0,0.0,0.0,0.0,0.0,0.0,0.0,0.0,0.0,,,,,,,,,,,,,,,,,,,,,,,,,,,,,,
Xande Silva,,3,0,1,0.0,0.0,0.0,0.0,0.0,0.0,0.0,0.0,0.0,0.0,0.0,0.0,0.0,0.0,,,,,,,,,,,,,,,,,,,,,,,,,,,,,,
Surridge,,4,0,1,1.0,0.53,2.53,0.4,2.67,1.33,0.2,-0.3,0.5,0.1,0.5,1.1,0.2,0.0,,,,,,,,,,,,,,,,,,,,,,,,,,,,,,
Laryea,,2,1,0,0.0,0.0,0.0,0.0,0.0,0.0,0.0,0.0,0.0,0.0,0.0,0.0,0.0,0.0,,,,,,,,,,,,,,,,,,,,,,,,,,,,,,
Mbe Soh,,2,1,0,0.0,0.0,0.0,0.0,0.0,0.0,0.0,-0.5,0.0,0.0,0.0,0.0,0.0,0.0,,,,,,,,,,,,,,,,,,,,,,,,,,,,,,
Johnson,,4,0,1,3.5,3.88,12.57,6.98,19.67,12.33,3.8,3.3,3.8,4.54,14.2,15.08,8.2,22.4,,,,,,,,,,,,,,,,,,,,,,,,,,,,,,
Mighten,,3,0,1,1.0,0.0,0.0,0.3,0.0,1.0,0.0,0.0,0.0,0.0,0.0,0.0,0.0,0.0,,,,,,,,,,,,,,,,,,,,,,,,,,,,,,
Ojeda,,3,0,1,0.0,0.0,0.0,0.0,0.0,0.0,0.0,0.0,0.0,0.0,0.0,0.0,0.0,0.0,,,,,,,,,,,,,,,,,,,,,,,,,,,,,,
Awoniyi,,4,0,1,2.3,2.25,7.5,5.8,9.5,6.83,2.6,2.1,2.6,2.62,7.0,8.36,6.88,11.4,,,,,,,,,,,,,,,,,,,,,,,,,,,,,,
Henderson,,1,1,0,5.2,3.7,36.93,0.0,0.0,24.67,5.6,5.1,5.6,3.48,24.4,34.72,0.0,0.0,,,,,,,,,,,,,,,,,,,,,,,,,,,,,,
Biancone,,2,1,0,1.0,0.4,3.8,0.0,0.0,6.0,0.2,-0.3,1.0,0.4,6.0,3.8,0.0,0.0,,,,,,,,,,,,,,,,,,,,,,,,,,,,,,
Boly,,2,1,0,0.0,0.0,0.0,0.0,0.0,0.0,0.0,-0.5,0.0,0.0,0.0,0.0,0.0,0.0,,,,,,,,,,,,,,,,,,,,,,,,,,,,,,
Gibbs-White,,3,0,1,2.2,3.62,9.43,18.77,8.0,8.67,2.2,1.7,2.2,3.38,8.6,9.0,17.8,7.0,,,,,,,,,,,,,,,,,,,,,,,,,,,,,,
Niakhaté,,2,1,0,3.5,3.45,18.0,0.5,16.0,13.0,1.2,0.0,6.0,5.2,16.0,19.2,0.7,32.0,,,,,,,,,,,,,,,,,,,,,,,,,,,,,,
Richards,,2,1,0,0.0,0.0,0.0,0.0,0.0,0.0,0.0,0.0,0.0,0.0,0.0,0.0,0.0,0.0,,,,,,,,,,,,,,,,,,,,,,,,,,,,,,
Hennessey,,1,1,0,0.0,0.0,0.0,0.0,0.0,0.0,0.0,-0.5,0.0,0.0,0.0,0.0,0.0,0.0,,,,,,,,,,,,,,,,,,,,,,,,,,,,,,
Toffolo,,2,1,0,2.4,3.25,14.8,14.52,3.5,16.25,2.2,1.7,2.75,3.0,13.5,12.65,14.1,3.5,,,,,,,,,,,,,,,,,,,,,,,,,,,,,,
O'Brien,,3,0,1,1.8,3.12,13.1,12.82,5.25,11.0,1.6,1.1,2.0,2.6,9.25,10.0,12.62,3.25,,,,,,,,,,,,,,,,,,,,,,,,,,,,,,
Lingard,,3,0,1,3.0,5.03,7.5,26.52,16.25,11.5,2.6,2.1,3.25,3.95,11.0,6.0,21.9,11.75,,,,,,,,,,,,,,,,,,,,,,,,,,,,,,
Mangala,,3,0,1,1.7,2.4,7.9,8.35,7.5,9.5,0.8,0.0,2.0,2.25,8.0,6.6,8.25,7.5,,,,,,,,,,,,,,,,,,,,,,,,,,,,,,
Hammond,,3,0,1,0.0,0.0,0.0,0.0,0.0,0.0,0.0,-0.5,0.0,0.0,0.0,0.0,0.0,0.0,,,,,,,,,,,,,,,,,,,,,,,,,,,,,,
Freuler,,3,0,1,1.5,1.05,4.2,0.95,6.0,6.0,0.8,0.3,0.0,0.0,0.0,0.0,0.0,0.0,,,,,,,,,,,,,,,,,,,,,,,,,,,,,,
Kouyaté,,3,0,1,3.0,1.75,11.8,0.95,4.75,10.0,3.0,2.5,0.0,0.0,0.0,0.0,0.0,0.0,,,,,,,,,,,,,,,,,,,,,,,,,,,,,,
Dennis,,4,0,1,0.7,1.97,0.0,0.67,19.33,-0.67,0.5,0.0,0.0,0.0,0.0,0.0,0.0,0.0,,,,,,,,,,,,,,,,,,,,,,,,,,,,,,
Renan Lodi,,2,1,0,0.0,2.6,7.5,1.8,16.5,7.0,0.0,-0.5,0.0,0.0,0.0,0.0,0.0,0.0,,,,,,,,,,,,,,,,,,,,,,,,,,,,,,
Badé,,2,1,0,0.0,0.0,0.0,0.0,0.0,0.0,0.0,1.5,0.0,0.0,0.0,0.0,0.0,0.0,,,,,,,,,,,,,,,,,,,,,,,,,,,,,,
Maitland-Niles,,3,0,1,1.0,0.5,2.6,0.5,2.0,4.0,0.2,0.2,1.0,0.5,4.0,2.6,0.5,2.0,,,,,,,,,,,,,,,,,,,,,,,,,,,,,,
Lavia,,3,0,1,2.6,2.96,18.76,6.32,4.6,16.4,2.2,0.0,2.75,3.1,16.25,20.45,6.82,3.75,,,,,,,,,,,,,,,,,,,,,,,,,,,,,,
Walcott,,3,0,1,0.0,0.0,0.0,0.0,0.0,0.0,0.0,0.0,0.0,0.0,0.0,0.0,0.0,0.0,,,,,,,,,,,,,,,,,,,,,,,,,,,,,,
McCarthy,,1,1,0,0.0,0.0,0.0,0.0,0.0,0.0,0.0,0.0,0.0,0.0,0.0,0.0,0.0,0.0,,,,,,,,,,,,,,,,,,,,,,,,,,,,,,
Romeu,,3,0,1,2.0,1.2,6.2,3.8,2.0,9.0,0.0,0.0,0.0,0.0,0.0,0.0,0.0,0.0,,,,,,,,,,,,,,,,,,,,,,,,,,,,,,
Redmond,,3,0,1,1.0,0.0,0.0,0.0,0.0,3.0,0.0,0.0,0.0,0.0,0.0,0.0,0.0,0.0,,,,,,,,,,,,,,,,,,,,,,,,,,,,,,
S.Armstrong,,3,0,1,1.2,2.38,4.44,11.76,7.6,4.6,1.0,1.0,1.25,2.82,5.75,4.7,14.05,9.5,,,,,,,,,,,,,,,,,,,,,,,,,,,,,,
Elyounoussi,,3,0,1,1.6,3.1,9.24,7.54,14.8,6.8,1.6,1.6,1.6,3.1,6.8,9.24,7.54,14.8,,,,,,,,,,,,,,,,,,,,,,,,,,,,,,
Ward-Prowse,,3,0,1,3.8,6.9,22.87,39.27,7.0,18.17,2.8,2.8,2.8,5.7,15.2,17.6,35.9,3.6,,,,,,,,,,,,,,,,,,,,,,,,,,,,,,
A.Armstrong,,4,0,1,3.3,3.08,11.47,7.27,12.83,10.5,3.8,3.8,3.8,3.7,12.6,13.76,8.56,15.2,,,,,,,,,,,,,,,,,,,,,,,,,,,,,,
Walker-Peters,,2,1,0,2.5,4.33,20.2,11.85,11.5,11.17,3.0,3.0,3.0,4.64,11.4,20.2,13.38,13.0,,,,,,,,,,,,,,,,,,,,,,,,,,,,,,
Adams,,4,0,1,4.0,6.54,18.64,20.2,26.4,15.6,4.0,4.0,4.0,6.54,15.6,18.64,20.2,26.4,,,,,,,,,,,,,,,,,,,,,,,,,,,,,,
Tella,,3,0,1,0.0,0.0,0.0,0.0,0.0,0.0,0.0,0.0,0.0,0.0,0.0,0.0,0.0,0.0,,,,,,,,,,,,,,,,,,,,,,,,,,,,,,
Lyanco,,2,1,0,1.0,0.37,2.73,0.1,0.67,3.0,0.6,0.6,1.0,0.37,3.0,2.73,0.1,0.67,,,,,,,,,,,,,,,,,,,,,,,,,,,,,,
Valery,,2,1,0,0.0,0.5,4.0,0.9,0.0,1.0,0.0,0.0,0.0,0.0,0.0,0.0,0.0,0.0,,,,,,,,,,,,,,,,,,,,,,,,,,,,,,
Smallbone,,3,0,1,0.0,0.0,0.0,0.0,0.0,0.0,0.0,0.0,0.0,0.0,0.0,0.0,0.0,0.0,,,,,,,,,,,,,,,,,,,,,,,,,,,,,,
Diallo,,3,0,1,1.0,1.17,2.8,5.23,4.33,1.67,0.4,0.4,1.0,1.05,2.0,3.4,6.7,1.5,,,,,,,,,,,,,,,,,,,,,,,,,,,,,,
Perraud,,2,1,0,2.8,2.92,11.4,7.88,10.0,11.0,2.0,2.0,3.33,3.07,14.0,15.2,10.17,5.33,,,,,,,,,,,,,,,,,,,,,,,,,,,,,,
Djenepo,,3,0,1,2.2,2.75,13.67,10.37,3.33,11.17,1.6,1.6,1.6,2.36,10.2,11.88,10.0,1.6,,,,,,,,,,,,,,,,,,,,,,,,,,,,,,
Livramento,,2,1,0,0.0,0.0,0.0,0.0,0.0,0.0,0.0,0.0,0.0,0.0,0.0,0.0,0.0,0.0,,,,,,,,,,,,,,,,,,,,,,,,,,,,,,
Salisu,,2,1,0,0.8,2.67,17.27,4.08,5.33,9.17,1.4,1.4,1.4,2.42,9.6,17.52,1.5,5.2,,,,,,,,,,,,,,,,,,,,,,,,,,,,,,
Lis,,1,1,0,0.0,0.0,0.0,0.0,0.0,0.0,0.0,0.0,0.0,0.0,0.0,0.0,0.0,0.0,,,,,,,,,,,,,,,,,,,,,,,,,,,,,,
Bazunu,,1,1,0,2.2,2.38,22.2,1.67,0.0,14.67,2.4,2.4,2.4,2.18,13.6,19.92,2.0,0.0,,,,,,,,,,,,,,,,,,,,,,,,,,,,,,
Bella-Kotchap,,2,1,0,2.2,2.84,15.56,2.94,9.8,11.8,2.2,2.2,2.2,2.84,11.8,15.56,2.94,9.8,,,,,,,,,,,,,,,,,,,,,,,,,,,,,,
Caballero,,1,1,0,0.0,0.0,0.0,0.0,0.0,0.0,0.0,0.0,0.0,0.0,0.0,0.0,0.0,0.0,,,,,,,,,,,,,,,,,,,,,,,,,,,,,,
Aribo,,3,0,1,2.5,4.93,12.8,6.48,30.0,8.33,2.6,2.6,2.6,5.16,9.0,13.48,6.74,31.4,,,,,,,,,,,,,,,,,,,,,,,,,,,,,,
Mara,,4,0,1,1.8,2.68,6.1,6.48,14.75,4.5,1.4,1.4,1.75,2.68,4.5,6.1,6.48,14.75,,,,,,,,,,,,,,,,,,,,,,,,,,,,,,
Larios,,2,1,0,0.0,0.0,0.0,0.0,0.0,0.0,0.0,1.2,0.0,0.0,0.0,0.0,0.0,0.0,,,,,,,,,,,,,,,,,,,,,,,,,,,,,,
Caleta-Car,,2,1,0,0.0,0.0,0.0,0.0,0.0,0.0,0.0,2.0,0.0,0.0,0.0,0.0,0.0,0.0,,,,,,,,,,,,,,,,,,,,,,,,,,,,,,
Edozie,,3,0,1,1.0,,,,,,1.0,1.7,0.0,0.0,0.0,0.0,0.0,0.0,,,,,,,,,,,,,,,,,,,,,,,,,,,,,,
Lloris,,1,1,0,4.2,1.35,13.53,0.0,0.0,17.5,4.6,4.1,4.6,1.4,19.0,14.08,0.0,0.0,,,,,,,,,,,,,,,,,,,,,,,,,,,,,,
Forster,,1,1,0,0.0,0.0,0.0,0.0,0.0,0.0,0.0,-0.5,0.0,0.0,0.0,0.0,0.0,0.0,,,,,,,,,,,,,,,,,,,,,,,,,,,,,,
Kane,,4,0,1,6.7,12.83,39.57,26.87,61.83,27.0,7.6,7.1,7.6,13.98,31.6,44.56,27.8,67.4,,,,,,,,,,,,,,,,,,,,,,,,,,,,,,
Son,,3,0,1,2.8,7.95,11.63,28.13,40.17,6.33,2.4,1.9,2.4,6.64,3.0,6.72,23.26,37.0,,,,,,,,,,,,,,,,,,,,,,,,,,,,,,
Doherty,,2,1,0,1.0,0.5,5.0,0.0,0.0,3.0,0.0,-0.5,0.0,0.0,0.0,0.0,0.0,0.0,,,,,,,,,,,,,,,,,,,,,,,,,,,,,,
Dier,,2,1,0,4.3,3.03,21.7,0.52,8.17,19.67,3.6,3.1,3.6,2.42,18.2,17.32,0.54,6.4,,,,,,,,,,,,,,,,,,,,,,,,,,,,,,
Lucas Moura,,3,0,1,1.0,0.2,2.0,0.05,0.0,4.0,0.2,0.0,1.0,0.2,3.0,2.0,0.1,0.0,,,,,,,,,,,,,,,,,,,,,,,,,,,,,,
Davies,,2,1,0,3.8,4.1,20.28,11.38,9.4,19.6,3.4,2.9,4.25,3.92,21.0,19.75,10.02,9.5,,,,,,,,,,,,,,,,,,,,,,,,,,,,,,
Højbjerg,,3,0,1,4.7,5.73,32.3,17.43,7.67,21.5,5.2,4.7,5.2,5.94,22.6,34.8,15.54,9.2,,,,,,,,,,,,,,,,,,,,,,,,,,,,,,
Winks,,3,0,1,0.0,0.0,0.0,0.0,0.0,0.0,0.0,0.0,0.0,0.0,0.0,0.0,0.0,0.0,,,,,,,,,,,,,,,,,,,,,,,,,,,,,,
Sánchez,,2,1,0,4.7,3.0,23.27,0.87,6.0,20.67,2.8,2.3,4.67,3.0,20.67,23.27,0.87,6.0,,,,,,,,,,,,,,,,,,,,,,,,,,,,,,
R.Sessegnon,,2,1,0,3.0,4.68,11.52,3.38,31.8,6.8,1.6,1.1,2.0,3.5,3.75,4.8,3.47,26.5,,,,,,,,,,,,,,,,,,,,,,,,,,,,,,
Bergwijn,,3,0,1,0.0,0.0,0.0,0.0,0.0,0.0,0.0,0.0,0.0,0.0,0.0,0.0,0.0,0.0,,,,,,,,,,,,,,,,,,,,,,,,,,,,,,
Reguilón,,2,1,0,0.0,0.0,0.0,0.0,0.0,0.0,0.0,0.0,0.0,0.0,0.0,0.0,0.0,0.0,,,,,,,,,,,,,,,,,,,,,,,,,,,,,,
Tanganga,,2,1,0,0.0,0.0,0.0,0.0,0.0,0.0,0.0,-0.5,0.0,0.0,0.0,0.0,0.0,0.0,,,,,,,,,,,,,,,,,,,,,,,,,,,,,,
Bentancur,,3,0,1,2.0,2.52,17.72,6.74,0.6,14.2,1.8,1.3,2.25,2.65,13.0,18.05,7.43,0.75,,,,,,,,,,,,,,,,,,,,,,,,,,,,,,
Skipp,,3,0,1,0.0,0.0,0.0,0.0,0.0,0.0,0.0,-0.5,0.0,0.0,0.0,0.0,0.0,0.0,,,,,,,,,,,,,,,,,,,,,,,,,,,,,,
Rodon,,2,1,0,0.0,0.0,0.0,0.0,0.0,0.0,0.0,0.0,0.0,0.0,0.0,0.0,0.0,0.0,,,,,,,,,,,,,,,,,,,,,,,,,,,,,,
Romero,,2,1,0,1.3,4.03,23.0,1.6,15.67,13.33,0.4,-0.1,1.0,4.85,14.5,30.5,1.05,17.0,,,,,,,,,,,,,,,,,,,,,,,,,,,,,,
Bissouma,,3,0,1,0.8,1.2,4.0,6.24,1.8,4.6,0.8,0.3,1.0,1.1,5.75,3.75,5.3,2.0,,,,,,,,,,,,,,,,,,,,,,,,,,,,,,
Emerson Royal,,2,1,0,4.3,3.8,18.23,8.55,11.17,20.5,3.4,2.9,3.4,3.0,18.6,15.76,5.6,8.6,,,,,,,,,,,,,,,,,,,,,,,,,,,,,,
Kulusevski,,3,0,1,4.5,6.62,17.63,23.98,24.5,14.5,2.8,2.3,2.8,4.88,8.4,8.0,20.72,20.0,,,,,,,,,,,,,,,,,,,,,,,,,,,,,,
Scarlett,,4,0,1,0.0,0.0,0.0,0.0,0.0,0.0,0.0,0.0,0.0,0.0,0.0,0.0,0.0,0.0,,,,,,,,,,,,,,,,,,,,,,,,,,,,,,
Perišić,,2,1,0,4.2,4.05,13.97,21.23,5.33,14.33,4.8,4.3,4.8,4.44,16.0,15.36,23.88,5.2,,,,,,,,,,,,,,,,,,,,,,,,,,,,,,
White,,3,0,1,0.0,0.0,0.0,0.0,0.0,0.0,0.0,-0.5,0.0,0.0,0.0,0.0,0.0,0.0,,,,,,,,,,,,,,,,,,,,,,,,,,,,,,
Sarr,,3,0,1,0.0,0.0,0.0,0.0,0.0,0.0,0.0,-0.5,0.0,0.0,0.0,0.0,0.0,0.0,,,,,,,,,,,,,,,,,,,,,,,,,,,,,,
Austin,,1,1,0,0.0,0.0,0.0,0.0,0.0,0.0,0.0,-0.5,0.0,0.0,0.0,0.0,0.0,0.0,,,,,,,,,,,,,,,,,,,,,,,,,,,,,,
Devine,,3,0,1,0.0,0.0,0.0,0.0,0.0,0.0,0.0,-0.5,0.0,0.0,0.0,0.0,0.0,0.0,,,,,,,,,,,,,,,,,,,,,,,,,,,,,,
Parrott,,4,0,1,0.0,0.0,0.0,0.0,0.0,0.0,0.0,0.0,0.0,0.0,0.0,0.0,0.0,0.0,,,,,,,,,,,,,,,,,,,,,,,,,,,,,,
Richarlison,,4,0,1,2.2,4.6,13.0,15.78,17.0,8.2,2.2,1.7,2.2,4.6,8.2,13.0,15.78,17.0,,,,,,,,,,,,,,,,,,,,,,,,,,,,,,
Lenglet,,2,1,0,1.5,1.45,9.8,2.6,2.0,8.5,0.4,-0.1,2.0,2.6,14.0,17.0,5.1,4.0,,,,,,,,,,,,,,,,,,,,,,,,,,,,,,
Spence,,2,1,0,1.0,1.8,0.0,0.0,18.0,3.0,0.2,-0.3,1.0,1.8,3.0,0.0,0.0,18.0,,,,,,,,,,,,,,,,,,,,,,,,,,,,,,
Bryan,,3,0,1,0.0,0.0,0.0,0.0,0.0,0.0,0.0,-0.5,0.0,0.0,0.0,0.0,0.0,0.0,,,,,,,,,,,,,,,,,,,,,,,,,,,,,,
Fabianski,,1,1,0,3.0,1.55,15.67,0.0,0.0,14.5,3.4,3.4,3.4,1.84,16.4,18.56,0.0,0.0,,,,,,,,,,,,,,,,,,,,,,,,,,,,,,
Ogbonna,,2,1,0,1.0,0.85,2.7,5.0,1.0,5.0,0.4,0.4,1.0,0.85,5.0,2.7,5.0,1.0,,,,,,,,,,,,,,,,,,,,,,,,,,,,,,
Cresswell,,2,1,0,2.2,4.92,17.52,26.12,5.4,15.6,2.0,1.5,2.5,5.12,15.5,16.4,27.98,6.75,,,,,,,,,,,,,,,,,,,,,,,,,,,,,,
Antonio,,4,0,1,2.7,3.3,10.13,7.68,15.5,8.0,3.0,3.0,3.0,3.56,9.4,12.16,9.16,14.2,,,,,,,,,,,,,,,,,,,,,,,,,,,,,,
Dawson,,2,1,0,0.0,0.0,0.0,0.0,0.0,0.0,0.0,0.0,0.0,0.0,0.0,0.0,0.0,0.0,,,,,,,,,,,,,,,,,,,,,,,,,,,,,,
Lanzini,,3,0,1,1.0,0.7,0.87,1.23,5.33,2.33,0.4,0.4,1.0,0.65,2.5,1.3,1.3,4.0,,,,,,,,,,,,,,,,,,,,,,,,,,,,,,
Zouma,,2,1,0,2.7,2.48,16.73,0.33,7.67,14.17,3.0,3.0,3.0,2.68,15.4,17.48,0.36,8.8,,,,,,,,,,,,,,,,,,,,,,,,,,,,,,
Masuaku,,2,1,0,0.0,0.0,0.0,0.0,0.0,0.0,0.0,0.0,0.0,0.0,0.0,0.0,0.0,0.0,,,,,,,,,,,,,,,,,,,,,,,,,,,,,,
Coufal,,2,1,0,2.2,2.3,10.6,10.48,1.83,11.33,2.4,2.4,2.4,2.24,11.8,10.52,9.66,2.2,,,,,,,,,,,,,,,,,,,,,,,,,,,,,,
Benrahma,,3,0,1,1.5,4.08,8.2,19.8,12.67,6.33,1.6,1.6,1.6,4.5,7.6,9.4,23.56,11.8,,,,,,,,,,,,,,,,,,,,,,,,,,,,,,
Bowen,,3,0,1,2.2,3.92,7.8,10.13,21.17,5.0,2.2,2.2,2.2,4.12,5.0,8.04,12.02,21.0,,,,,,,,,,,,,,,,,,,,,,,,,,,,,,
Vlasic,,3,0,1,0.0,0.0,0.0,0.0,0.0,0.0,0.0,0.0,0.0,0.0,0.0,0.0,0.0,0.0,,,,,,,,,,,,,,,,,,,,,,,,,,,,,,
Rice,,3,0,1,3.0,4.32,21.27,13.63,8.17,15.33,3.2,3.2,3.2,4.68,16.4,21.56,16.1,9.0,,,,,,,,,,,,,,,,,,,,,,,,,,,,,,
Soucek,,3,0,1,3.5,4.95,20.63,3.42,25.5,14.0,3.8,3.8,3.8,5.78,14.8,23.24,3.94,30.6,,,,,,,,,,,,,,,,,,,,,,,,,,,,,,
Fornals,,3,0,1,3.5,3.32,13.67,12.13,7.5,12.5,3.8,3.8,3.8,3.26,12.8,14.76,9.4,8.6,,,,,,,,,,,,,,,,,,,,,,,,,,,,,,
Johnson,,2,1,0,1.2,1.55,11.4,3.92,0.0,7.75,0.8,0.0,1.33,1.47,6.0,9.27,5.13,0.0,,,,,,,,,,,,,,,,,,,,,,,,,,,,,,
Aguerd,,2,1,0,0.0,0.0,0.0,0.0,0.0,0.0,0.0,0.0,0.0,0.0,0.0,0.0,0.0,0.0,,,,,,,,,,,,,,,,,,,,,,,,,,,,,,
Areola,,1,1,0,1.0,0.0,0.0,0.0,0.0,2.0,0.0,0.0,0.0,0.0,0.0,0.0,0.0,0.0,,,,,,,,,,,,,,,,,,,,,,,,,,,,,,
Downes,,3,0,1,1.0,0.0,0.0,0.0,0.0,3.0,0.0,0.0,0.0,0.0,0.0,0.0,0.0,0.0,,,,,,,,,,,,,,,,,,,,,,,,,,,,,,
Scamacca,,4,0,1,1.2,2.1,3.93,8.2,9.0,5.0,0.8,0.8,1.33,2.07,4.67,3.93,7.97,9.0,,,,,,,,,,,,,,,,,,,,,,,,,,,,,,
Emerson,,2,1,0,0.7,0.33,1.0,1.1,1.33,3.33,0.4,0.4,0.67,0.33,3.33,1.0,1.1,1.33,,,,,,,,,,,,,,,,,,,,,,,,,,,,,,
Ashby,,2,1,0,0.0,0.0,0.0,0.0,0.0,0.0,0.0,0.0,0.0,0.0,0.0,0.0,0.0,0.0,,,,,,,,,,,,,,,,,,,,,,,,,,,,,,
Coventry,,3,0,1,1.0,0.0,0.0,0.0,0.0,,0.0,0.0,0.0,0.0,0.0,0.0,0.0,0.0,,,,,,,,,,,,,,,,,,,,,,,,,,,,,,
Randolph,,1,1,0,0.0,0.0,0.0,0.0,0.0,0.0,0.0,0.0,0.0,0.0,0.0,0.0,0.0,0.0,,,,,,,,,,,,,,,,,,,,,,,,,,,,,,
Oko-Flex,,3,0,1,0.0,0.0,0.0,0.0,0.0,0.0,0.0,0.0,0.0,0.0,0.0,0.0,0.0,0.0,,,,,,,,,,,,,,,,,,,,,,,,,,,,,,
Cornet,,3,0,1,1.0,0.23,0.67,1.03,1.33,1.0,0.6,0.6,1.0,0.23,1.0,0.67,1.03,1.33,,,,,,,,,,,,,,,,,,,,,,,,,,,,,,
Kehrer,,2,1,0,1.5,1.37,11.4,2.2,0.0,15.0,1.5,1.5,0.0,0.0,0.0,0.0,0.0,0.0,,,,,,,,,,,,,,,,,,,,,,,,,,,,,,
Paquetá,,3,0,1,1.0,3.3,12.5,3.0,17.5,5.5,1.0,1.0,0.0,0.0,0.0,0.0,0.0,0.0,,,,,,,,,,,,,,,,,,,,,,,,,,,,,,
Jiménez,,4,0,1,1.7,4.73,3.8,8.8,34.67,0.67,1.0,0.0,1.67,4.73,0.67,3.8,8.8,34.67,,,,,,,,,,,,,,,,,,,,,,,,,,,,,,
Jonny,,2,1,0,3.7,2.78,14.83,5.32,7.67,16.83,4.2,3.2,4.2,3.02,17.8,15.48,5.76,9.0,,,,,,,,,,,,,,,,,,,,,,,,,,,,,,
Sá,,1,1,0,5.8,2.62,26.2,0.0,0.0,23.33,6.6,5.6,6.6,2.66,24.6,26.64,0.0,0.0,,,,,,,,,,,,,,,,,,,,,,,,,,,,,,
Neves,,3,0,1,3.7,5.37,32.0,14.62,7.17,18.33,3.6,2.6,3.6,5.22,17.0,31.16,12.74,8.4,,,,,,,,,,,,,,,,,,,,,,,,,,,,,,
Hwang,,3,0,1,1.8,2.48,6.44,5.98,12.2,5.6,0.8,-0.2,1.0,1.0,1.5,0.85,1.05,8.0,,,,,,,,,,,,,,,,,,,,,,,,,,,,,,
Semedo,,2,1,0,1.0,2.78,14.05,11.2,2.5,7.75,0.8,-0.2,1.0,2.78,7.75,14.05,11.2,2.5,,,,,,,,,,,,,,,,,,,,,,,,,,,,,,
Podence,,3,0,1,4.3,5.53,15.7,24.02,15.5,11.0,3.2,2.2,3.2,4.44,7.6,10.64,20.62,13.0,,,,,,,,,,,,,,,,,,,,,,,,,,,,,,
Kilman,,2,1,0,4.5,2.53,22.1,1.15,2.0,20.83,5.2,4.2,5.2,2.42,21.0,21.56,1.28,1.2,,,,,,,,,,,,,,,,,,,,,,,,,,,,,,
Cundle,,3,0,1,0.0,0.0,0.0,0.0,0.0,0.0,0.0,0.0,0.0,0.0,0.0,0.0,0.0,0.0,,,,,,,,,,,,,,,,,,,,,,,,,,,,,,
Neto,,3,0,1,2.5,6.45,8.9,30.08,25.5,9.67,2.6,1.6,2.6,5.78,8.6,7.04,30.7,20.0,,,,,,,,,,,,,,,,,,,,,,,,,,,,,,
Aït-Nouri,,2,1,0,2.6,3.88,12.12,14.72,12.0,12.6,2.8,1.8,3.5,3.27,13.0,10.9,8.95,13.0,,,,,,,,,,,,,,,,,,,,,,,,,,,,,,
Fabio Silva,,4,0,1,0.0,0.0,0.0,0.0,0.0,0.0,0.0,0.0,0.0,0.0,0.0,0.0,0.0,0.0,,,,,,,,,,,,,,,,,,,,,,,,,,,,,,
Toti,,2,1,0,0.0,0.0,0.0,0.0,0.0,0.0,0.0,-1.0,0.0,0.0,0.0,0.0,0.0,0.0,,,,,,,,,,,,,,,,,,,,,,,,,,,,,,
Chiquinho,,3,0,1,0.0,0.0,0.0,0.0,0.0,0.0,0.0,0.0,0.0,0.0,0.0,0.0,0.0,0.0,,,,,,,,,,,,,,,,,,,,,,,,,,,,,,
Adama,,3,0,1,1.0,0.4,1.3,2.25,0.5,2.25,0.8,-0.2,1.0,0.4,2.25,1.3,2.25,0.5,,,,,,,,,,,,,,,,,,,,,,,,,,,,,,
Šarkić,,1,1,0,0.0,0.0,0.0,0.0,0.0,0.0,0.0,-1.0,0.0,0.0,0.0,0.0,0.0,0.0,,,,,,,,,,,,,,,,,,,,,,,,,,,,,,
Mosquera,,2,1,0,0.0,0.0,0.0,0.0,0.0,0.0,0.0,-1.0,0.0,0.0,0.0,0.0,0.0,0.0,,,,,,,,,,,,,,,,,,,,,,,,,,,,,,
Moutinho,,3,0,1,2.0,5.3,16.0,27.82,9.0,13.0,1.6,0.6,2.0,5.3,13.0,16.0,27.82,9.0,,,,,,,,,,,,,,,,,,,,,,,,,,,,,,
Collins,,2,1,0,4.7,2.45,18.9,4.53,1.0,20.0,5.4,4.4,5.4,2.64,21.0,20.2,5.26,0.8,,,,,,,,,,,,,,,,,,,,,,,,,,,,,,
Smith,,1,1,0,0.0,0.0,0.0,0.0,0.0,0.0,0.0,-1.0,0.0,0.0,0.0,0.0,0.0,0.0,,,,,,,,,,,,,,,,,,,,,,,,,,,,,,
Bueno,,2,1,0,0.0,0.0,0.0,0.0,0.0,0.0,0.0,-1.0,0.0,0.0,0.0,0.0,0.0,0.0,,,,,,,,,,,,,,,,,,,,,,,,,,,,,,
Hodge,,3,0,1,0.0,0.0,0.0,0.0,0.0,0.0,0.0,-1.0,0.0,0.0,0.0,0.0,0.0,0.0,,,,,,,,,,,,,,,,,,,,,,,,,,,,,,
Ronan,,3,0,1,0.0,0.0,0.0,0.0,0.0,0.0,0.0,-1.0,0.0,0.0,0.0,0.0,0.0,0.0,,,,,,,,,,,,,,,,,,,,,,,,,,,,,,
Campbell,,3,0,1,1.0,0.0,0.0,0.0,0.0,,0.0,-1.0,0.0,0.0,0.0,0.0,0.0,0.0,,,,,,,,,,,,,,,,,,,,,,,,,,,,,,
Guedes,,3,0,1,2.6,3.5,5.72,13.28,16.2,6.2,2.6,1.6,2.6,3.5,6.2,5.72,13.28,16.2,,,,,,,,,,,,,,,,,,,,,,,,,,,,,,
Matheus,,3,0,1,4.0,5.83,16.73,20.63,21.0,16.0,4.0,3.0,0.0,0.0,0.0,0.0,0.0,0.0,,,,,,,,,,,,,,,,,,,,,,,,,,,,,,
Kalajdžić,,4,0,1,1.0,0.7,0.0,0.0,9.0,-1.0,1.0,0.5,0.0,0.0,0.0,0.0,0.0,0.0,,,,,,,,,,,,,,,,,,,,,,,,,,,,,,
